Schlüssel,Straftat,Gemeinde-schlüssel,Stadt-/Landkreis,Kreisart,erfasste Fälle,HZ nach Zensus,Unique Ids
***100,Diebstahl insgesamt von Kraftwagen einschl. unbefugte Ingebrauchnahme,01001,Flensburg,KfS,23,"25,9831222675358","Flensburg, KfS"
***100,Diebstahl insgesamt von Kraftwagen einschl. unbefugte Ingebrauchnahme,01002,Kiel,KfS,79,"31,8621618678487","Kiel, KfS"
***100,Diebstahl insgesamt von Kraftwagen einschl. unbefugte Ingebrauchnahme,01003,Lübeck,KfS,68,"31,4352018787156","Lübeck, KfS"
***100,Diebstahl insgesamt von Kraftwagen einschl. unbefugte Ingebrauchnahme,01004,Neumünster,KfS,24,"30,2514653053507","Neumünster, KfS"
***100,Diebstahl insgesamt von Kraftwagen einschl. unbefugte Ingebrauchnahme,01051,Dithmarschen,K,29,"21,7314739184845","Dithmarschen, K"
***100,Diebstahl insgesamt von Kraftwagen einschl. unbefugte Ingebrauchnahme,01053,Herzogtum Lauenburg,K,123,"62,7314177300407","Herzogtum Lauenburg, K"
***100,Diebstahl insgesamt von Kraftwagen einschl. unbefugte Ingebrauchnahme,01054,Nordfriesland,K,18,"10,8786307430105","Nordfriesland, K"
***100,Diebstahl insgesamt von Kraftwagen einschl. unbefugte Ingebrauchnahme,01055,Ostholstein,K,45,"22,4344912854465","Ostholstein, K"
***100,Diebstahl insgesamt von Kraftwagen einschl. unbefugte Ingebrauchnahme,01056,Pinneberg,K,108,"34,5420933787924","Pinneberg, K"
***100,Diebstahl insgesamt von Kraftwagen einschl. unbefugte Ingebrauchnahme,01057,Plön,K,29,"22,5081883236833","Plön, K"
***100,Diebstahl insgesamt von Kraftwagen einschl. unbefugte Ingebrauchnahme,01058,Rendsburg-Eckernförde,K,64,"23,4413343979606","Rendsburg-Eckernförde, K"
***100,Diebstahl insgesamt von Kraftwagen einschl. unbefugte Ingebrauchnahme,01059,Schleswig-Flensburg,K,39,"19,5485782168689","Schleswig-Flensburg, K"
***100,Diebstahl insgesamt von Kraftwagen einschl. unbefugte Ingebrauchnahme,01060,Segeberg,K,102,"37,222881123985","Segeberg, K"
***100,Diebstahl insgesamt von Kraftwagen einschl. unbefugte Ingebrauchnahme,01061,Steinburg,K,35,"26,5931177011389","Steinburg, K"
***100,Diebstahl insgesamt von Kraftwagen einschl. unbefugte Ingebrauchnahme,01062,Stormarn,K,143,"58,975881751295","Stormarn, K"
***100,Diebstahl insgesamt von Kraftwagen einschl. unbefugte Ingebrauchnahme,02000,Hamburg,KfS,1765,"96,417318189168","Hamburg, KfS"
***100,Diebstahl insgesamt von Kraftwagen einschl. unbefugte Ingebrauchnahme,03101,Braunschweig,KfS,131,"52,8176822310834","Braunschweig, KfS"
***100,Diebstahl insgesamt von Kraftwagen einschl. unbefugte Ingebrauchnahme,03102,Salzgitter,KfS,34,"32,5209473160653","Salzgitter, KfS"
***100,Diebstahl insgesamt von Kraftwagen einschl. unbefugte Ingebrauchnahme,03103,Wolfsburg,KfS,146,"117,823651887599","Wolfsburg, KfS"
***100,Diebstahl insgesamt von Kraftwagen einschl. unbefugte Ingebrauchnahme,03151,Gifhorn,LK,57,"32,5567315326224","Gifhorn, LK"
***100,Diebstahl insgesamt von Kraftwagen einschl. unbefugte Ingebrauchnahme,03153,Goslar,LK,27,"19,6273707319555","Goslar, LK"
***100,Diebstahl insgesamt von Kraftwagen einschl. unbefugte Ingebrauchnahme,03154,Helmstedt,LK,29,"31,6179677278674","Helmstedt, LK"
***100,Diebstahl insgesamt von Kraftwagen einschl. unbefugte Ingebrauchnahme,03155,Northeim,LK,32,"24,0518316973077","Northeim, LK"
***100,Diebstahl insgesamt von Kraftwagen einschl. unbefugte Ingebrauchnahme,03157,Peine,LK,39,"29,242396976786","Peine, LK"
***100,Diebstahl insgesamt von Kraftwagen einschl. unbefugte Ingebrauchnahme,03158,Wolfenbüttel,LK,46,"38,1942426330779","Wolfenbüttel, LK"
***100,Diebstahl insgesamt von Kraftwagen einschl. unbefugte Ingebrauchnahme,03159,Göttingen,LK,82,"24,9972563986879","Göttingen, LK"
***100,Diebstahl insgesamt von Kraftwagen einschl. unbefugte Ingebrauchnahme,03241,Region Hannover,LK,644,"55,8700414253801","Region Hannover, LK"
***100,Diebstahl insgesamt von Kraftwagen einschl. unbefugte Ingebrauchnahme,03251,Diepholz,LK,42,"19,4433642575412","Diepholz, LK"
***100,Diebstahl insgesamt von Kraftwagen einschl. unbefugte Ingebrauchnahme,03252,Hameln-Pyrmont,LK,33,"22,2527917138696","Hameln-Pyrmont, LK"
***100,Diebstahl insgesamt von Kraftwagen einschl. unbefugte Ingebrauchnahme,03254,Hildesheim,LK,59,"21,3273568536726","Hildesheim, LK"
***100,Diebstahl insgesamt von Kraftwagen einschl. unbefugte Ingebrauchnahme,03255,Holzminden,LK,12,"16,8671989204993","Holzminden, LK"
***100,Diebstahl insgesamt von Kraftwagen einschl. unbefugte Ingebrauchnahme,03256,Nienburg (Weser),LK,36,"29,6369473944184","Nienburg (Weser), LK"
***100,Diebstahl insgesamt von Kraftwagen einschl. unbefugte Ingebrauchnahme,03257,Schaumburg,LK,66,"41,8031073643141","Schaumburg, LK"
***100,Diebstahl insgesamt von Kraftwagen einschl. unbefugte Ingebrauchnahme,03351,Celle,LK,52,"29,0886308205231","Celle, LK"
***100,Diebstahl insgesamt von Kraftwagen einschl. unbefugte Ingebrauchnahme,03352,Cuxhaven,LK,72,"36,3452801615346","Cuxhaven, LK"
***100,Diebstahl insgesamt von Kraftwagen einschl. unbefugte Ingebrauchnahme,03353,Harburg,LK,132,"52,4827939931057","Harburg, LK"
***100,Diebstahl insgesamt von Kraftwagen einschl. unbefugte Ingebrauchnahme,03354,Lüchow-Dannenberg,LK,12,"24,8154352006948","Lüchow-Dannenberg, LK"
***100,Diebstahl insgesamt von Kraftwagen einschl. unbefugte Ingebrauchnahme,03355,Lüneburg,LK,48,"26,2395451812169","Lüneburg, LK"
***100,Diebstahl insgesamt von Kraftwagen einschl. unbefugte Ingebrauchnahme,03356,Osterholz,LK,28,"24,7557579240529","Osterholz, LK"
***100,Diebstahl insgesamt von Kraftwagen einschl. unbefugte Ingebrauchnahme,03357,Rotenburg (Wümme),LK,44,"26,9315754359549","Rotenburg (Wümme), LK"
***100,Diebstahl insgesamt von Kraftwagen einschl. unbefugte Ingebrauchnahme,03358,Landkreis Heidekreis,LK,43,"30,9132344589106","Landkreis Heidekreis, LK"
***100,Diebstahl insgesamt von Kraftwagen einschl. unbefugte Ingebrauchnahme,03359,Stade,LK,42,"20,8037169307583","Stade, LK"
***100,Diebstahl insgesamt von Kraftwagen einschl. unbefugte Ingebrauchnahme,03360,Uelzen,LK,17,"18,3300267402743","Uelzen, LK"
***100,Diebstahl insgesamt von Kraftwagen einschl. unbefugte Ingebrauchnahme,03361,Verden,LK,27,"19,767186470459","Verden, LK"
***100,Diebstahl insgesamt von Kraftwagen einschl. unbefugte Ingebrauchnahme,03401,Delmenhorst,KfS,13,"16,7696495143252","Delmenhorst, KfS"
***100,Diebstahl insgesamt von Kraftwagen einschl. unbefugte Ingebrauchnahme,03402,Emden,KfS,9,"17,7841010136938","Emden, KfS"
***100,Diebstahl insgesamt von Kraftwagen einschl. unbefugte Ingebrauchnahme,03403,Oldenburg (Oldenburg),KfS,39,"23,3419718579611","Oldenburg (Oldenburg), KfS"
***100,Diebstahl insgesamt von Kraftwagen einschl. unbefugte Ingebrauchnahme,03404,Osnabrück,KfS,46,"27,9849611252388","Osnabrück, KfS"
***100,Diebstahl insgesamt von Kraftwagen einschl. unbefugte Ingebrauchnahme,03405,Wilhelmshaven,KfS,17,"22,275800618481","Wilhelmshaven, KfS"
***100,Diebstahl insgesamt von Kraftwagen einschl. unbefugte Ingebrauchnahme,03451,Ammerland,LK,17,"13,7789053064996","Ammerland, LK"
***100,Diebstahl insgesamt von Kraftwagen einschl. unbefugte Ingebrauchnahme,03452,Aurich,LK,24,"12,6349704394337","Aurich, LK"
***100,Diebstahl insgesamt von Kraftwagen einschl. unbefugte Ingebrauchnahme,03453,Cloppenburg,LK,44,"26,2021735894","Cloppenburg, LK"
***100,Diebstahl insgesamt von Kraftwagen einschl. unbefugte Ingebrauchnahme,03454,Emsland,LK,62,"19,1573248958707","Emsland, LK"
***100,Diebstahl insgesamt von Kraftwagen einschl. unbefugte Ingebrauchnahme,03455,Friesland,LK,17,"17,2573064390056","Friesland, LK"
***100,Diebstahl insgesamt von Kraftwagen einschl. unbefugte Ingebrauchnahme,03456,Grafschaft Bentheim,LK,23,"16,9293164236451","Grafschaft Bentheim, LK"
***100,Diebstahl insgesamt von Kraftwagen einschl. unbefugte Ingebrauchnahme,03457,Leer,LK,19,"11,2461970096954","Leer, LK"
***100,Diebstahl insgesamt von Kraftwagen einschl. unbefugte Ingebrauchnahme,03458,Oldenburg,LK,22,"16,9329762014716","Oldenburg, LK"
***100,Diebstahl insgesamt von Kraftwagen einschl. unbefugte Ingebrauchnahme,03459,Osnabrück,LK,73,"20,4975571404504","Osnabrück, LK"
***100,Diebstahl insgesamt von Kraftwagen einschl. unbefugte Ingebrauchnahme,03460,Vechta,LK,34,"24,1924007400028","Vechta, LK"
***100,Diebstahl insgesamt von Kraftwagen einschl. unbefugte Ingebrauchnahme,03461,Wesermarsch,LK,8,"8,98654265237806","Wesermarsch, LK"
***100,Diebstahl insgesamt von Kraftwagen einschl. unbefugte Ingebrauchnahme,03462,Wittmund,LK,13,"22,9151610230738","Wittmund, LK"
***100,Diebstahl insgesamt von Kraftwagen einschl. unbefugte Ingebrauchnahme,04011,Bremen,KfS,235,"41,3728023999747","Bremen, KfS"
***100,Diebstahl insgesamt von Kraftwagen einschl. unbefugte Ingebrauchnahme,04012,Bremerhaven,KfS,49,"43,3528568647922","Bremerhaven, KfS"
***100,Diebstahl insgesamt von Kraftwagen einschl. unbefugte Ingebrauchnahme,05111,Düsseldorf,KfS,289,"46,8182996371177","Düsseldorf, KfS"
***100,Diebstahl insgesamt von Kraftwagen einschl. unbefugte Ingebrauchnahme,05112,Duisburg,KfS,202,"40,5532914416494","Duisburg, KfS"
***100,Diebstahl insgesamt von Kraftwagen einschl. unbefugte Ingebrauchnahme,05113,Essen,KfS,232,"39,7673609385097","Essen, KfS"
***100,Diebstahl insgesamt von Kraftwagen einschl. unbefugte Ingebrauchnahme,05114,Krefeld,KfS,110,"48,5224901741957","Krefeld, KfS"
***100,Diebstahl insgesamt von Kraftwagen einschl. unbefugte Ingebrauchnahme,05116,Mönchengladbach,KfS,136,"51,8711764077685","Mönchengladbach, KfS"
***100,Diebstahl insgesamt von Kraftwagen einschl. unbefugte Ingebrauchnahme,05117,Mülheim an der Ruhr,KfS,64,"37,3689895775552","Mülheim an der Ruhr, KfS"
***100,Diebstahl insgesamt von Kraftwagen einschl. unbefugte Ingebrauchnahme,05119,Oberhausen,KfS,84,"39,7309646110622","Oberhausen, KfS"
***100,Diebstahl insgesamt von Kraftwagen einschl. unbefugte Ingebrauchnahme,05120,Remscheid,KfS,20,"18,0857990306012","Remscheid, KfS"
***100,Diebstahl insgesamt von Kraftwagen einschl. unbefugte Ingebrauchnahme,05122,Solingen,KfS,63,"39,6717946134519","Solingen, KfS"
***100,Diebstahl insgesamt von Kraftwagen einschl. unbefugte Ingebrauchnahme,05124,Wuppertal,KfS,163,"46,0985887609944","Wuppertal, KfS"
***100,Diebstahl insgesamt von Kraftwagen einschl. unbefugte Ingebrauchnahme,05154,Kleve,K,203,"65,2166929032673","Kleve, K"
***100,Diebstahl insgesamt von Kraftwagen einschl. unbefugte Ingebrauchnahme,05158,Mettmann,K,171,"35,2280242022707","Mettmann, K"
***100,Diebstahl insgesamt von Kraftwagen einschl. unbefugte Ingebrauchnahme,05162,Rhein-Kreis Neuss,K,214,"47,6181999430362","Rhein-Kreis Neuss, K"
***100,Diebstahl insgesamt von Kraftwagen einschl. unbefugte Ingebrauchnahme,05166,Viersen,K,151,"50,5468093581894","Viersen, K"
***100,Diebstahl insgesamt von Kraftwagen einschl. unbefugte Ingebrauchnahme,05170,Wesel,K,128,"27,7858578666539","Wesel, K"
***100,Diebstahl insgesamt von Kraftwagen einschl. unbefugte Ingebrauchnahme,05314,Bonn,KfS,101,"31,0301391747826","Bonn, KfS"
***100,Diebstahl insgesamt von Kraftwagen einschl. unbefugte Ingebrauchnahme,05315,Köln,KfS,562,"52,0180600780826","Köln, KfS"
***100,Diebstahl insgesamt von Kraftwagen einschl. unbefugte Ingebrauchnahme,05316,Leverkusen,KfS,44,"26,8986471203164","Leverkusen, KfS"
***100,Diebstahl insgesamt von Kraftwagen einschl. unbefugte Ingebrauchnahme,05334,Aachen,K,385,"69,4860558631792","Aachen, K"
***100,Diebstahl insgesamt von Kraftwagen einschl. unbefugte Ingebrauchnahme,05358,Düren,K,144,"54,7759700862341","Düren, K"
***100,Diebstahl insgesamt von Kraftwagen einschl. unbefugte Ingebrauchnahme,05362,Rhein-Erft-Kreis,K,207,"44,3056533585612","Rhein-Erft-Kreis, K"
***100,Diebstahl insgesamt von Kraftwagen einschl. unbefugte Ingebrauchnahme,05366,Euskirchen,K,58,"30,1883649877425","Euskirchen, K"
***100,Diebstahl insgesamt von Kraftwagen einschl. unbefugte Ingebrauchnahme,05370,Heinsberg,K,178,"70,3262664654335","Heinsberg, K"
***100,Diebstahl insgesamt von Kraftwagen einschl. unbefugte Ingebrauchnahme,05374,Oberbergischer Kreis,K,61,"22,3469417660678","Oberbergischer Kreis, K"
***100,Diebstahl insgesamt von Kraftwagen einschl. unbefugte Ingebrauchnahme,05378,Rheinisch-Bergischer Kreis,K,62,"21,8815291659608","Rheinisch-Bergischer Kreis, K"
***100,Diebstahl insgesamt von Kraftwagen einschl. unbefugte Ingebrauchnahme,05382,Rhein-Sieg-Kreis,K,159,"26,5417590342138","Rhein-Sieg-Kreis, K"
***100,Diebstahl insgesamt von Kraftwagen einschl. unbefugte Ingebrauchnahme,05512,Bottrop,KfS,41,"34,9340513274939","Bottrop, KfS"
***100,Diebstahl insgesamt von Kraftwagen einschl. unbefugte Ingebrauchnahme,05513,Gelsenkirchen,KfS,78,"29,96484892722","Gelsenkirchen, KfS"
***100,Diebstahl insgesamt von Kraftwagen einschl. unbefugte Ingebrauchnahme,05515,Münster,KfS,62,"19,7729932803715","Münster, KfS"
***100,Diebstahl insgesamt von Kraftwagen einschl. unbefugte Ingebrauchnahme,05554,Borken,K,100,"27,0476417161188","Borken, K"
***100,Diebstahl insgesamt von Kraftwagen einschl. unbefugte Ingebrauchnahme,05558,Coesfeld,K,48,"21,8818380743982","Coesfeld, K"
***100,Diebstahl insgesamt von Kraftwagen einschl. unbefugte Ingebrauchnahme,05562,Recklinghausen,K,204,"33,0726430878176","Recklinghausen, K"
***100,Diebstahl insgesamt von Kraftwagen einschl. unbefugte Ingebrauchnahme,05566,Steinfurt,K,103,"23,0649513508672","Steinfurt, K"
***100,Diebstahl insgesamt von Kraftwagen einschl. unbefugte Ingebrauchnahme,05570,Warendorf,K,69,"24,8686287654348","Warendorf, K"
***100,Diebstahl insgesamt von Kraftwagen einschl. unbefugte Ingebrauchnahme,05711,Bielefeld,KfS,129,"38,7909259303808","Bielefeld, KfS"
***100,Diebstahl insgesamt von Kraftwagen einschl. unbefugte Ingebrauchnahme,05754,Gütersloh,K,91,"25,0654870279218","Gütersloh, K"
***100,Diebstahl insgesamt von Kraftwagen einschl. unbefugte Ingebrauchnahme,05758,Herford,K,83,"32,9968712605202","Herford, K"
***100,Diebstahl insgesamt von Kraftwagen einschl. unbefugte Ingebrauchnahme,05762,Höxter,K,15,"10,5958393670752","Höxter, K"
***100,Diebstahl insgesamt von Kraftwagen einschl. unbefugte Ingebrauchnahme,05766,Lippe,K,115,"32,9447759611996","Lippe, K"
***100,Diebstahl insgesamt von Kraftwagen einschl. unbefugte Ingebrauchnahme,05770,Minden-Lübbecke,K,53,"17,0304652530309","Minden-Lübbecke, K"
***100,Diebstahl insgesamt von Kraftwagen einschl. unbefugte Ingebrauchnahme,05774,Paderborn,K,83,"27,1808541992782","Paderborn, K"
***100,Diebstahl insgesamt von Kraftwagen einschl. unbefugte Ingebrauchnahme,05911,Bochum,KfS,110,"30,0933715245576","Bochum, KfS"
***100,Diebstahl insgesamt von Kraftwagen einschl. unbefugte Ingebrauchnahme,05913,Dortmund,KfS,243,"41,4251619502216","Dortmund, KfS"
***100,Diebstahl insgesamt von Kraftwagen einschl. unbefugte Ingebrauchnahme,05914,Hagen,KfS,55,"29,2973951952272","Hagen, KfS"
***100,Diebstahl insgesamt von Kraftwagen einschl. unbefugte Ingebrauchnahme,05915,Hamm,KfS,53,"29,5783687250607","Hamm, KfS"
***100,Diebstahl insgesamt von Kraftwagen einschl. unbefugte Ingebrauchnahme,05916,Herne,KfS,43,"27,4777941082497","Herne, KfS"
***100,Diebstahl insgesamt von Kraftwagen einschl. unbefugte Ingebrauchnahme,05954,Ennepe-Ruhr-Kreis,K,116,"35,7285859488096","Ennepe-Ruhr-Kreis, K"
***100,Diebstahl insgesamt von Kraftwagen einschl. unbefugte Ingebrauchnahme,05958,Hochsauerlandkreis,K,44,"16,8201505403473","Hochsauerlandkreis, K"
***100,Diebstahl insgesamt von Kraftwagen einschl. unbefugte Ingebrauchnahme,05962,Märkischer Kreis,K,105,"25,4001736888067","Märkischer Kreis, K"
***100,Diebstahl insgesamt von Kraftwagen einschl. unbefugte Ingebrauchnahme,05966,Olpe,K,22,"16,319506260756","Olpe, K"
***100,Diebstahl insgesamt von Kraftwagen einschl. unbefugte Ingebrauchnahme,05970,Siegen-Wittgenstein,K,41,"14,7494217147462","Siegen-Wittgenstein, K"
***100,Diebstahl insgesamt von Kraftwagen einschl. unbefugte Ingebrauchnahme,05974,Soest,K,68,"22,5394689303365","Soest, K"
***100,Diebstahl insgesamt von Kraftwagen einschl. unbefugte Ingebrauchnahme,05978,Unna,K,136,"34,5235496301411","Unna, K"
***100,Diebstahl insgesamt von Kraftwagen einschl. unbefugte Ingebrauchnahme,06411,Darmstadt,KfS,30,"18,9568668090538","Darmstadt, KfS"
***100,Diebstahl insgesamt von Kraftwagen einschl. unbefugte Ingebrauchnahme,06412,Frankfurt am Main,KfS,224,"29,9915113311679","Frankfurt am Main, KfS"
***100,Diebstahl insgesamt von Kraftwagen einschl. unbefugte Ingebrauchnahme,06413,Offenbach am Main,KfS,30,"23,6858311358146","Offenbach am Main, KfS"
***100,Diebstahl insgesamt von Kraftwagen einschl. unbefugte Ingebrauchnahme,06414,Wiesbaden,KfS,63,"22,6086831698092","Wiesbaden, KfS"
***100,Diebstahl insgesamt von Kraftwagen einschl. unbefugte Ingebrauchnahme,06431,Bergstraße,LK,61,"22,6951410075154","Bergstraße, LK"
***100,Diebstahl insgesamt von Kraftwagen einschl. unbefugte Ingebrauchnahme,06432,Darmstadt-Dieburg,LK,68,"22,9692482300168","Darmstadt-Dieburg, LK"
***100,Diebstahl insgesamt von Kraftwagen einschl. unbefugte Ingebrauchnahme,06433,Groß-Gerau,LK,81,"29,8449169684933","Groß-Gerau, LK"
***100,Diebstahl insgesamt von Kraftwagen einschl. unbefugte Ingebrauchnahme,06434,Hochtaunuskreis,LK,48,"20,339413970635","Hochtaunuskreis, LK"
***100,Diebstahl insgesamt von Kraftwagen einschl. unbefugte Ingebrauchnahme,06435,Main-Kinzig-Kreis,LK,94,"22,4768536230775","Main-Kinzig-Kreis, LK"
***100,Diebstahl insgesamt von Kraftwagen einschl. unbefugte Ingebrauchnahme,06436,Main-Taunus-Kreis,LK,35,"14,7698644126447","Main-Taunus-Kreis, LK"
***100,Diebstahl insgesamt von Kraftwagen einschl. unbefugte Ingebrauchnahme,06437,Odenwaldkreis,LK,17,"17,5988902346864","Odenwaldkreis, LK"
***100,Diebstahl insgesamt von Kraftwagen einschl. unbefugte Ingebrauchnahme,06438,Offenbach,LK,87,"24,7375544510538","Offenbach, LK"
***100,Diebstahl insgesamt von Kraftwagen einschl. unbefugte Ingebrauchnahme,06439,Rheingau-Taunus-Kreis,LK,20,"10,7179987352761","Rheingau-Taunus-Kreis, LK"
***100,Diebstahl insgesamt von Kraftwagen einschl. unbefugte Ingebrauchnahme,06440,Wetteraukreis,LK,60,"19,6520280892988","Wetteraukreis, LK"
***100,Diebstahl insgesamt von Kraftwagen einschl. unbefugte Ingebrauchnahme,06531,Gießen,LK,43,"16,10149182194","Gießen, LK"
***100,Diebstahl insgesamt von Kraftwagen einschl. unbefugte Ingebrauchnahme,06532,Lahn-Dill-Kreis,LK,33,"12,9837427802521","Lahn-Dill-Kreis, LK"
***100,Diebstahl insgesamt von Kraftwagen einschl. unbefugte Ingebrauchnahme,06533,Limburg-Weilburg,LK,31,"18,0262951311558","Limburg-Weilburg, LK"
***100,Diebstahl insgesamt von Kraftwagen einschl. unbefugte Ingebrauchnahme,06534,Marburg-Biedenkopf,LK,20,"8,12463185261918","Marburg-Biedenkopf, LK"
***100,Diebstahl insgesamt von Kraftwagen einschl. unbefugte Ingebrauchnahme,06535,Vogelsbergkreis,LK,13,"12,2121915247391","Vogelsbergkreis, LK"
***100,Diebstahl insgesamt von Kraftwagen einschl. unbefugte Ingebrauchnahme,06611,Kassel,KfS,63,"31,3845050215208","Kassel, KfS"
***100,Diebstahl insgesamt von Kraftwagen einschl. unbefugte Ingebrauchnahme,06631,Fulda,LK,21,"9,46871491502956","Fulda, LK"
***100,Diebstahl insgesamt von Kraftwagen einschl. unbefugte Ingebrauchnahme,06632,Hersfeld-Rotenburg,LK,19,"15,6893832420872","Hersfeld-Rotenburg, LK"
***100,Diebstahl insgesamt von Kraftwagen einschl. unbefugte Ingebrauchnahme,06633,Kassel,LK,63,"26,6188934990747","Kassel, LK"
***100,Diebstahl insgesamt von Kraftwagen einschl. unbefugte Ingebrauchnahme,06634,Schwalm-Eder-Kreis,LK,26,"14,3841906679797","Schwalm-Eder-Kreis, LK"
***100,Diebstahl insgesamt von Kraftwagen einschl. unbefugte Ingebrauchnahme,06635,Waldeck-Frankenberg,LK,15,"9,5385867629852","Waldeck-Frankenberg, LK"
***100,Diebstahl insgesamt von Kraftwagen einschl. unbefugte Ingebrauchnahme,06636,Werra-Meißner-Kreis,LK,17,"16,8148683000168","Werra-Meißner-Kreis, LK"
***100,Diebstahl insgesamt von Kraftwagen einschl. unbefugte Ingebrauchnahme,07111,Koblenz,KfS,29,"25,4734549032009","Koblenz, KfS"
***100,Diebstahl insgesamt von Kraftwagen einschl. unbefugte Ingebrauchnahme,07131,Ahrweiler,LK,38,"29,4770156848752","Ahrweiler, LK"
***100,Diebstahl insgesamt von Kraftwagen einschl. unbefugte Ingebrauchnahme,07132,Altenkirchen (Westerwald),LK,31,"24,0700048916462","Altenkirchen (Westerwald), LK"
***100,Diebstahl insgesamt von Kraftwagen einschl. unbefugte Ingebrauchnahme,07133,Bad Kreuznach,LK,34,"21,5805876267066","Bad Kreuznach, LK"
***100,Diebstahl insgesamt von Kraftwagen einschl. unbefugte Ingebrauchnahme,07134,Birkenfeld,LK,15,"18,5809136854623","Birkenfeld, LK"
***100,Diebstahl insgesamt von Kraftwagen einschl. unbefugte Ingebrauchnahme,07135,Cochem-Zell,LK,18,"29,191398267977","Cochem-Zell, LK"
***100,Diebstahl insgesamt von Kraftwagen einschl. unbefugte Ingebrauchnahme,07137,Mayen-Koblenz,LK,41,"19,1988911469699","Mayen-Koblenz, LK"
***100,Diebstahl insgesamt von Kraftwagen einschl. unbefugte Ingebrauchnahme,07138,Neuwied,LK,30,"16,5148220527924","Neuwied, LK"
***100,Diebstahl insgesamt von Kraftwagen einschl. unbefugte Ingebrauchnahme,07140,Rhein-Hunsrück-Kreis,LK,22,"21,3720880530028","Rhein-Hunsrück-Kreis, LK"
***100,Diebstahl insgesamt von Kraftwagen einschl. unbefugte Ingebrauchnahme,07141,Rhein-Lahn-Kreis,LK,20,"16,342406092449","Rhein-Lahn-Kreis, LK"
***100,Diebstahl insgesamt von Kraftwagen einschl. unbefugte Ingebrauchnahme,07143,Westerwaldkreis,LK,44,"21,8863006680296","Westerwaldkreis, LK"
***100,Diebstahl insgesamt von Kraftwagen einschl. unbefugte Ingebrauchnahme,07211,Trier,KfS,16,"14,5437357403216","Trier, KfS"
***100,Diebstahl insgesamt von Kraftwagen einschl. unbefugte Ingebrauchnahme,07231,Bernkastel-Wittlich,LK,18,"16,0522232329178","Bernkastel-Wittlich, LK"
***100,Diebstahl insgesamt von Kraftwagen einschl. unbefugte Ingebrauchnahme,07232,Eifelkreis Bitburg-Prüm,LK,14,"14,254732061947","Eifelkreis Bitburg-Prüm, LK"
***100,Diebstahl insgesamt von Kraftwagen einschl. unbefugte Ingebrauchnahme,07233,Vulkaneifel,LK,8,"13,1784861214068","Vulkaneifel, LK"
***100,Diebstahl insgesamt von Kraftwagen einschl. unbefugte Ingebrauchnahme,07235,Trier-Saarburg,LK,22,"14,8116230845878","Trier-Saarburg, LK"
***100,Diebstahl insgesamt von Kraftwagen einschl. unbefugte Ingebrauchnahme,07311,Frankenthal (Pfalz),KfS,13,"26,8500733213541","Frankenthal (Pfalz), KfS"
***100,Diebstahl insgesamt von Kraftwagen einschl. unbefugte Ingebrauchnahme,07312,Kaiserslautern,KfS,37,"37,1172906384174","Kaiserslautern, KfS"
***100,Diebstahl insgesamt von Kraftwagen einschl. unbefugte Ingebrauchnahme,07313,Landau in der Pfalz,KfS,15,"32,4030069990495","Landau in der Pfalz, KfS"
***100,Diebstahl insgesamt von Kraftwagen einschl. unbefugte Ingebrauchnahme,07314,Ludwigshafen am Rhein,KfS,58,"34,4219778393681","Ludwigshafen am Rhein, KfS"
***100,Diebstahl insgesamt von Kraftwagen einschl. unbefugte Ingebrauchnahme,07315,Mainz,KfS,41,"19,0600158058668","Mainz, KfS"
***100,Diebstahl insgesamt von Kraftwagen einschl. unbefugte Ingebrauchnahme,07316,Neustadt an der Weinstraße,KfS,10,"18,7430884861207","Neustadt an der Weinstraße, KfS"
***100,Diebstahl insgesamt von Kraftwagen einschl. unbefugte Ingebrauchnahme,07317,Pirmasens,KfS,14,"34,4556014963576","Pirmasens, KfS"
***100,Diebstahl insgesamt von Kraftwagen einschl. unbefugte Ingebrauchnahme,07318,Speyer,KfS,3,"5,89032220062437","Speyer, KfS"
***100,Diebstahl insgesamt von Kraftwagen einschl. unbefugte Ingebrauchnahme,07319,Worms,KfS,14,"16,8510249034075","Worms, KfS"
***100,Diebstahl insgesamt von Kraftwagen einschl. unbefugte Ingebrauchnahme,07320,Zweibrücken,KfS,4,"11,6720163408229","Zweibrücken, KfS"
***100,Diebstahl insgesamt von Kraftwagen einschl. unbefugte Ingebrauchnahme,07331,Alzey-Worms,LK,24,"18,6742816237288","Alzey-Worms, LK"
***100,Diebstahl insgesamt von Kraftwagen einschl. unbefugte Ingebrauchnahme,07332,Bad Dürkheim,LK,27,"20,3406685299724","Bad Dürkheim, LK"
***100,Diebstahl insgesamt von Kraftwagen einschl. unbefugte Ingebrauchnahme,07333,Donnersbergkreis,LK,7,"9,32065723948763","Donnersbergkreis, LK"
***100,Diebstahl insgesamt von Kraftwagen einschl. unbefugte Ingebrauchnahme,07334,Germersheim,LK,28,"21,7937841014345","Germersheim, LK"
***100,Diebstahl insgesamt von Kraftwagen einschl. unbefugte Ingebrauchnahme,07335,Kaiserslautern,LK,28,"26,5028537894348","Kaiserslautern, LK"
***100,Diebstahl insgesamt von Kraftwagen einschl. unbefugte Ingebrauchnahme,07336,Kusel,LK,18,"25,4366627098525","Kusel, LK"
***100,Diebstahl insgesamt von Kraftwagen einschl. unbefugte Ingebrauchnahme,07337,Südliche Weinstraße,LK,23,"20,7915242899242","Südliche Weinstraße, LK"
***100,Diebstahl insgesamt von Kraftwagen einschl. unbefugte Ingebrauchnahme,07338,Rhein-Pfalz-Kreis,LK,30,"19,5275631553938","Rhein-Pfalz-Kreis, LK"
***100,Diebstahl insgesamt von Kraftwagen einschl. unbefugte Ingebrauchnahme,07339,Mainz-Bingen,LK,37,"17,6371046547656","Mainz-Bingen, LK"
***100,Diebstahl insgesamt von Kraftwagen einschl. unbefugte Ingebrauchnahme,07340,Südwestpfalz,LK,11,"11,5214613402602","Südwestpfalz, LK"
***100,Diebstahl insgesamt von Kraftwagen einschl. unbefugte Ingebrauchnahme,08111,Stuttgart,SK,70,"11,0629434067228","Stuttgart, SK"
***100,Diebstahl insgesamt von Kraftwagen einschl. unbefugte Ingebrauchnahme,08115,Böblingen,LK,51,"13,0920964810498","Böblingen, LK"
***100,Diebstahl insgesamt von Kraftwagen einschl. unbefugte Ingebrauchnahme,08116,Esslingen,LK,57,"10,7052908552401","Esslingen, LK"
***100,Diebstahl insgesamt von Kraftwagen einschl. unbefugte Ingebrauchnahme,08117,Göppingen,LK,28,"10,9227798474712","Göppingen, LK"
***100,Diebstahl insgesamt von Kraftwagen einschl. unbefugte Ingebrauchnahme,08118,Ludwigsburg,LK,56,"10,3201076239795","Ludwigsburg, LK"
***100,Diebstahl insgesamt von Kraftwagen einschl. unbefugte Ingebrauchnahme,08119,Rems-Murr-Kreis,LK,41,"9,64982889205843","Rems-Murr-Kreis, LK"
***100,Diebstahl insgesamt von Kraftwagen einschl. unbefugte Ingebrauchnahme,08121,Heilbronn,SK,28,"22,379768689105","Heilbronn, SK"
***100,Diebstahl insgesamt von Kraftwagen einschl. unbefugte Ingebrauchnahme,08125,Heilbronn,LK,44,"12,911858955548","Heilbronn, LK"
***100,Diebstahl insgesamt von Kraftwagen einschl. unbefugte Ingebrauchnahme,08126,Hohenlohekreis,LK,16,"14,3636885952313","Hohenlohekreis, LK"
***100,Diebstahl insgesamt von Kraftwagen einschl. unbefugte Ingebrauchnahme,08127,Schwäbisch Hall,LK,43,"22,1417794781749","Schwäbisch Hall, LK"
***100,Diebstahl insgesamt von Kraftwagen einschl. unbefugte Ingebrauchnahme,08128,Main-Tauber-Kreis,LK,23,"17,3993297475584","Main-Tauber-Kreis, LK"
***100,Diebstahl insgesamt von Kraftwagen einschl. unbefugte Ingebrauchnahme,08135,Heidenheim,LK,11,"8,33295456267139","Heidenheim, LK"
***100,Diebstahl insgesamt von Kraftwagen einschl. unbefugte Ingebrauchnahme,08136,Ostalbkreis,LK,46,"14,7236750292873","Ostalbkreis, LK"
***100,Diebstahl insgesamt von Kraftwagen einschl. unbefugte Ingebrauchnahme,08211,Baden-Baden,SK,7,"12,7928652363025","Baden-Baden, SK"
***100,Diebstahl insgesamt von Kraftwagen einschl. unbefugte Ingebrauchnahme,08212,Karlsruhe,SK,49,"15,7092065568305","Karlsruhe, SK"
***100,Diebstahl insgesamt von Kraftwagen einschl. unbefugte Ingebrauchnahme,08215,Karlsruhe,LK,54,"12,1986206522648","Karlsruhe, LK"
***100,Diebstahl insgesamt von Kraftwagen einschl. unbefugte Ingebrauchnahme,08216,Rastatt,LK,21,"9,12186815859888","Rastatt, LK"
***100,Diebstahl insgesamt von Kraftwagen einschl. unbefugte Ingebrauchnahme,08221,Heidelberg,SK,11,"6,84927242047061","Heidelberg, SK"
***100,Diebstahl insgesamt von Kraftwagen einschl. unbefugte Ingebrauchnahme,08222,Mannheim,SK,91,"29,545742328659","Mannheim, SK"
***100,Diebstahl insgesamt von Kraftwagen einschl. unbefugte Ingebrauchnahme,08225,Neckar-Odenwald-Kreis,LK,11,"7,67213480638322","Neckar-Odenwald-Kreis, LK"
***100,Diebstahl insgesamt von Kraftwagen einschl. unbefugte Ingebrauchnahme,08226,Rhein-Neckar-Kreis,LK,60,"10,9740372568565","Rhein-Neckar-Kreis, LK"
***100,Diebstahl insgesamt von Kraftwagen einschl. unbefugte Ingebrauchnahme,08231,Pforzheim,SK,18,"14,4823757532847","Pforzheim, SK"
***100,Diebstahl insgesamt von Kraftwagen einschl. unbefugte Ingebrauchnahme,08235,Calw,LK,15,"9,52840735847139","Calw, LK"
***100,Diebstahl insgesamt von Kraftwagen einschl. unbefugte Ingebrauchnahme,08236,Enzkreis,LK,11,"5,5452212795346","Enzkreis, LK"
***100,Diebstahl insgesamt von Kraftwagen einschl. unbefugte Ingebrauchnahme,08237,Freudenstadt,LK,10,"8,51382645416156","Freudenstadt, LK"
***100,Diebstahl insgesamt von Kraftwagen einschl. unbefugte Ingebrauchnahme,08311,Freiburg im Breisgau,SK,51,"22,2090612970092","Freiburg im Breisgau, SK"
***100,Diebstahl insgesamt von Kraftwagen einschl. unbefugte Ingebrauchnahme,08315,Breisgau-Hochschwarzwald,LK,30,"11,4327089803929","Breisgau-Hochschwarzwald, LK"
***100,Diebstahl insgesamt von Kraftwagen einschl. unbefugte Ingebrauchnahme,08316,Emmendingen,LK,35,"21,2492107436009","Emmendingen, LK"
***100,Diebstahl insgesamt von Kraftwagen einschl. unbefugte Ingebrauchnahme,08317,Ortenaukreis,LK,75,"17,6084445404431","Ortenaukreis, LK"
***100,Diebstahl insgesamt von Kraftwagen einschl. unbefugte Ingebrauchnahme,08325,Rottweil,LK,20,"14,4032032724078","Rottweil, LK"
***100,Diebstahl insgesamt von Kraftwagen einschl. unbefugte Ingebrauchnahme,08326,Schwarzwald-Baar-Kreis,LK,21,"9,94285227288868","Schwarzwald-Baar-Kreis, LK"
***100,Diebstahl insgesamt von Kraftwagen einschl. unbefugte Ingebrauchnahme,08327,Tuttlingen,LK,18,"12,9127599589661","Tuttlingen, LK"
***100,Diebstahl insgesamt von Kraftwagen einschl. unbefugte Ingebrauchnahme,08335,Konstanz,LK,38,"13,379575022446","Konstanz, LK"
***100,Diebstahl insgesamt von Kraftwagen einschl. unbefugte Ingebrauchnahme,08336,Lörrach,LK,39,"17,0817383077691","Lörrach, LK"
***100,Diebstahl insgesamt von Kraftwagen einschl. unbefugte Ingebrauchnahme,08337,Waldshut,LK,19,"11,1634684308864","Waldshut, LK"
***100,Diebstahl insgesamt von Kraftwagen einschl. unbefugte Ingebrauchnahme,08415,Reutlingen,LK,37,"12,9482002001722","Reutlingen, LK"
***100,Diebstahl insgesamt von Kraftwagen einschl. unbefugte Ingebrauchnahme,08416,Tübingen,LK,24,"10,6309937764391","Tübingen, LK"
***100,Diebstahl insgesamt von Kraftwagen einschl. unbefugte Ingebrauchnahme,08417,Zollernalbkreis,LK,27,"14,3487272147526","Zollernalbkreis, LK"
***100,Diebstahl insgesamt von Kraftwagen einschl. unbefugte Ingebrauchnahme,08421,Ulm,SK,9,"7,16583330679321","Ulm, SK"
***100,Diebstahl insgesamt von Kraftwagen einschl. unbefugte Ingebrauchnahme,08425,Alb-Donau-Kreis,LK,27,"13,8725472565753","Alb-Donau-Kreis, LK"
***100,Diebstahl insgesamt von Kraftwagen einschl. unbefugte Ingebrauchnahme,08426,Biberach,LK,11,"5,54813002799284","Biberach, LK"
***100,Diebstahl insgesamt von Kraftwagen einschl. unbefugte Ingebrauchnahme,08435,Bodenseekreis,LK,28,"13,0441871840861","Bodenseekreis, LK"
***100,Diebstahl insgesamt von Kraftwagen einschl. unbefugte Ingebrauchnahme,08436,Ravensburg,LK,25,"8,82568910980569","Ravensburg, LK"
***100,Diebstahl insgesamt von Kraftwagen einschl. unbefugte Ingebrauchnahme,08437,Sigmaringen,LK,20,"15,3619270001229","Sigmaringen, LK"
***100,Diebstahl insgesamt von Kraftwagen einschl. unbefugte Ingebrauchnahme,09161,Ingolstadt,KfS,25,"18,4851083966756","Ingolstadt, KfS"
***100,Diebstahl insgesamt von Kraftwagen einschl. unbefugte Ingebrauchnahme,09162,München,KfS,192,"13,1864599780638","München, KfS"
***100,Diebstahl insgesamt von Kraftwagen einschl. unbefugte Ingebrauchnahme,09163,Rosenheim,KfS,8,"12,6823081800888","Rosenheim, KfS"
***100,Diebstahl insgesamt von Kraftwagen einschl. unbefugte Ingebrauchnahme,09171,Altötting,LK,18,"16,313509398394","Altötting, LK"
***100,Diebstahl insgesamt von Kraftwagen einschl. unbefugte Ingebrauchnahme,09172,Berchtesgadener Land,LK,14,"13,3267334272551","Berchtesgadener Land, LK"
***100,Diebstahl insgesamt von Kraftwagen einschl. unbefugte Ingebrauchnahme,09173,Bad Tölz-Wolfratshausen,LK,10,"7,90064153209241","Bad Tölz-Wolfratshausen, LK"
***100,Diebstahl insgesamt von Kraftwagen einschl. unbefugte Ingebrauchnahme,09174,Dachau,LK,20,"13,097319633537","Dachau, LK"
***100,Diebstahl insgesamt von Kraftwagen einschl. unbefugte Ingebrauchnahme,09175,Ebersberg,LK,10,"7,10227272727273","Ebersberg, LK"
***100,Diebstahl insgesamt von Kraftwagen einschl. unbefugte Ingebrauchnahme,09176,Eichstätt,LK,22,"16,7114838278413","Eichstätt, LK"
***100,Diebstahl insgesamt von Kraftwagen einschl. unbefugte Ingebrauchnahme,09177,Erding,LK,17,"12,4192747143567","Erding, LK"
***100,Diebstahl insgesamt von Kraftwagen einschl. unbefugte Ingebrauchnahme,09178,Freising,LK,30,"16,8542166441007","Freising, LK"
***100,Diebstahl insgesamt von Kraftwagen einschl. unbefugte Ingebrauchnahme,09179,Fürstenfeldbruck,LK,26,"11,9358585325321","Fürstenfeldbruck, LK"
***100,Diebstahl insgesamt von Kraftwagen einschl. unbefugte Ingebrauchnahme,09180,Garmisch-Partenkirchen,LK,7,"7,94055924224378","Garmisch-Partenkirchen, LK"
***100,Diebstahl insgesamt von Kraftwagen einschl. unbefugte Ingebrauchnahme,09181,Landsberg am Lech,LK,12,"10,0720994451952","Landsberg am Lech, LK"
***100,Diebstahl insgesamt von Kraftwagen einschl. unbefugte Ingebrauchnahme,09182,Miesbach,LK,12,"12,0981157184768","Miesbach, LK"
***100,Diebstahl insgesamt von Kraftwagen einschl. unbefugte Ingebrauchnahme,09183,Mühldorf a.Inn,LK,16,"13,9755079223661","Mühldorf a.Inn, LK"
***100,Diebstahl insgesamt von Kraftwagen einschl. unbefugte Ingebrauchnahme,09184,München,LK,32,"9,23699532088456","München, LK"
***100,Diebstahl insgesamt von Kraftwagen einschl. unbefugte Ingebrauchnahme,09185,Neuburg-Schrobenhausen,LK,11,"11,4387920635581","Neuburg-Schrobenhausen, LK"
***100,Diebstahl insgesamt von Kraftwagen einschl. unbefugte Ingebrauchnahme,09186,Pfaffenhofen a.d.Ilm,LK,28,"22,1792718861886","Pfaffenhofen a.d.Ilm, LK"
***100,Diebstahl insgesamt von Kraftwagen einschl. unbefugte Ingebrauchnahme,09187,Rosenheim,LK,31,"11,9483983364746","Rosenheim, LK"
***100,Diebstahl insgesamt von Kraftwagen einschl. unbefugte Ingebrauchnahme,09188,Starnberg,LK,19,"14,0174849680918","Starnberg, LK"
***100,Diebstahl insgesamt von Kraftwagen einschl. unbefugte Ingebrauchnahme,09189,Traunstein,LK,18,"10,2104486924953","Traunstein, LK"
***100,Diebstahl insgesamt von Kraftwagen einschl. unbefugte Ingebrauchnahme,09190,Weilheim-Schongau,LK,10,"7,44867860441558","Weilheim-Schongau, LK"
***100,Diebstahl insgesamt von Kraftwagen einschl. unbefugte Ingebrauchnahme,09261,Landshut,KfS,8,"11,2370598232972","Landshut, KfS"
***100,Diebstahl insgesamt von Kraftwagen einschl. unbefugte Ingebrauchnahme,09262,Passau,KfS,7,"13,518472026419","Passau, KfS"
***100,Diebstahl insgesamt von Kraftwagen einschl. unbefugte Ingebrauchnahme,09263,Straubing,KfS,12,"25,2175009456563","Straubing, KfS"
***100,Diebstahl insgesamt von Kraftwagen einschl. unbefugte Ingebrauchnahme,09271,Deggendorf,LK,15,"12,6325363606505","Deggendorf, LK"
***100,Diebstahl insgesamt von Kraftwagen einschl. unbefugte Ingebrauchnahme,09272,Freyung-Grafenau,LK,5,"6,38202820856468","Freyung-Grafenau, LK"
***100,Diebstahl insgesamt von Kraftwagen einschl. unbefugte Ingebrauchnahme,09273,Kelheim,LK,27,"22,2921259257425","Kelheim, LK"
***100,Diebstahl insgesamt von Kraftwagen einschl. unbefugte Ingebrauchnahme,09274,Landshut,LK,20,"12,7194907115919","Landshut, LK"
***100,Diebstahl insgesamt von Kraftwagen einschl. unbefugte Ingebrauchnahme,09275,Passau,LK,16,"8,39877377902826","Passau, LK"
***100,Diebstahl insgesamt von Kraftwagen einschl. unbefugte Ingebrauchnahme,09276,Regen,LK,5,"6,45252874601556","Regen, LK"
***100,Diebstahl insgesamt von Kraftwagen einschl. unbefugte Ingebrauchnahme,09277,Rottal-Inn,LK,9,"7,47688396706848","Rottal-Inn, LK"
***100,Diebstahl insgesamt von Kraftwagen einschl. unbefugte Ingebrauchnahme,09278,Straubing-Bogen,LK,9,"9,01460365792584","Straubing-Bogen, LK"
***100,Diebstahl insgesamt von Kraftwagen einschl. unbefugte Ingebrauchnahme,09279,Dingolfing-Landau,LK,7,"7,30452567540775","Dingolfing-Landau, LK"
***100,Diebstahl insgesamt von Kraftwagen einschl. unbefugte Ingebrauchnahme,09361,Amberg,KfS,8,"18,9358076121947","Amberg, KfS"
***100,Diebstahl insgesamt von Kraftwagen einschl. unbefugte Ingebrauchnahme,09362,Regensburg,KfS,31,"20,5442230970085","Regensburg, KfS"
***100,Diebstahl insgesamt von Kraftwagen einschl. unbefugte Ingebrauchnahme,09363,Weiden i.d.OPf.,KfS,11,"25,8561925581177","Weiden i.d.OPf., KfS"
***100,Diebstahl insgesamt von Kraftwagen einschl. unbefugte Ingebrauchnahme,09371,Amberg-Sulzbach,LK,17,"16,5311758528142","Amberg-Sulzbach, LK"
***100,Diebstahl insgesamt von Kraftwagen einschl. unbefugte Ingebrauchnahme,09372,Cham,LK,14,"10,9942751238819","Cham, LK"
***100,Diebstahl insgesamt von Kraftwagen einschl. unbefugte Ingebrauchnahme,09373,Neumarkt i.d.OPf.,LK,19,"14,3240553662435","Neumarkt i.d.OPf., LK"
***100,Diebstahl insgesamt von Kraftwagen einschl. unbefugte Ingebrauchnahme,09374,Neustadt a.d.Waldnaab,LK,17,"17,9920834832674","Neustadt a.d.Waldnaab, LK"
***100,Diebstahl insgesamt von Kraftwagen einschl. unbefugte Ingebrauchnahme,09375,Regensburg,LK,30,"15,6087408949011","Regensburg, LK"
***100,Diebstahl insgesamt von Kraftwagen einschl. unbefugte Ingebrauchnahme,09376,Schwandorf,LK,38,"25,9408684729703","Schwandorf, LK"
***100,Diebstahl insgesamt von Kraftwagen einschl. unbefugte Ingebrauchnahme,09377,Tirschenreuth,LK,17,"23,3741234703699","Tirschenreuth, LK"
***100,Diebstahl insgesamt von Kraftwagen einschl. unbefugte Ingebrauchnahme,09461,Bamberg,KfS,14,"18,1396493864911","Bamberg, KfS"
***100,Diebstahl insgesamt von Kraftwagen einschl. unbefugte Ingebrauchnahme,09462,Bayreuth,KfS,21,"28,3787618751605","Bayreuth, KfS"
***100,Diebstahl insgesamt von Kraftwagen einschl. unbefugte Ingebrauchnahme,09463,Coburg,KfS,3,"7,27519643030362","Coburg, KfS"
***100,Diebstahl insgesamt von Kraftwagen einschl. unbefugte Ingebrauchnahme,09464,Hof,KfS,16,"34,8204570184984","Hof, KfS"
***100,Diebstahl insgesamt von Kraftwagen einschl. unbefugte Ingebrauchnahme,09471,Bamberg,LK,24,"16,3728647055613","Bamberg, LK"
***100,Diebstahl insgesamt von Kraftwagen einschl. unbefugte Ingebrauchnahme,09472,Bayreuth,LK,26,"25,0469630557295","Bayreuth, LK"
***100,Diebstahl insgesamt von Kraftwagen einschl. unbefugte Ingebrauchnahme,09473,Coburg,LK,7,"8,05662657535823","Coburg, LK"
***100,Diebstahl insgesamt von Kraftwagen einschl. unbefugte Ingebrauchnahme,09474,Forchheim,LK,15,"12,9666928882012","Forchheim, LK"
***100,Diebstahl insgesamt von Kraftwagen einschl. unbefugte Ingebrauchnahme,09475,Hof,LK,17,"17,7503054096666","Hof, LK"
***100,Diebstahl insgesamt von Kraftwagen einschl. unbefugte Ingebrauchnahme,09476,Kronach,LK,12,"17,7846281530664","Kronach, LK"
***100,Diebstahl insgesamt von Kraftwagen einschl. unbefugte Ingebrauchnahme,09477,Kulmbach,LK,14,"19,4412042437372","Kulmbach, LK"
***100,Diebstahl insgesamt von Kraftwagen einschl. unbefugte Ingebrauchnahme,09478,Lichtenfels,LK,8,"11,9801728139928","Lichtenfels, LK"
***100,Diebstahl insgesamt von Kraftwagen einschl. unbefugte Ingebrauchnahme,09479,Wunsiedel i.Fichtelgebirge,LK,8,"10,8865754915969","Wunsiedel i.Fichtelgebirge, LK"
***100,Diebstahl insgesamt von Kraftwagen einschl. unbefugte Ingebrauchnahme,09561,Ansbach,KfS,12,"28,8101411696917","Ansbach, KfS"
***100,Diebstahl insgesamt von Kraftwagen einschl. unbefugte Ingebrauchnahme,09562,Erlangen,KfS,15,"13,5137570046307","Erlangen, KfS"
***100,Diebstahl insgesamt von Kraftwagen einschl. unbefugte Ingebrauchnahme,09563,Fürth,KfS,15,"11,8552708534214","Fürth, KfS"
***100,Diebstahl insgesamt von Kraftwagen einschl. unbefugte Ingebrauchnahme,09564,Nürnberg,KfS,94,"18,2453062008808","Nürnberg, KfS"
***100,Diebstahl insgesamt von Kraftwagen einschl. unbefugte Ingebrauchnahme,09565,Schwabach,KfS,4,"9,80848924744366","Schwabach, KfS"
***100,Diebstahl insgesamt von Kraftwagen einschl. unbefugte Ingebrauchnahme,09571,Ansbach,LK,20,"10,9136945038634","Ansbach, LK"
***100,Diebstahl insgesamt von Kraftwagen einschl. unbefugte Ingebrauchnahme,09572,Erlangen-Höchstadt,LK,11,"8,1280387781341","Erlangen-Höchstadt, LK"
***100,Diebstahl insgesamt von Kraftwagen einschl. unbefugte Ingebrauchnahme,09573,Fürth,LK,9,"7,74573339185665","Fürth, LK"
***100,Diebstahl insgesamt von Kraftwagen einschl. unbefugte Ingebrauchnahme,09574,Nürnberger Land,LK,50,"29,4547339648428","Nürnberger Land, LK"
***100,Diebstahl insgesamt von Kraftwagen einschl. unbefugte Ingebrauchnahme,09575,Neustadt a.d.Aisch-Bad Windsheim,LK,13,"13,0468381489548","Neustadt a.d.Aisch-Bad Windsheim, LK"
***100,Diebstahl insgesamt von Kraftwagen einschl. unbefugte Ingebrauchnahme,09576,Roth,LK,16,"12,6882419647743","Roth, LK"
***100,Diebstahl insgesamt von Kraftwagen einschl. unbefugte Ingebrauchnahme,09577,Weißenburg-Gunzenhausen,LK,8,"8,49184782608696","Weißenburg-Gunzenhausen, LK"
***100,Diebstahl insgesamt von Kraftwagen einschl. unbefugte Ingebrauchnahme,09661,Aschaffenburg,KfS,11,"15,7304656217824","Aschaffenburg, KfS"
***100,Diebstahl insgesamt von Kraftwagen einschl. unbefugte Ingebrauchnahme,09662,Schweinfurt,KfS,13,"24,327713007841","Schweinfurt, KfS"
***100,Diebstahl insgesamt von Kraftwagen einschl. unbefugte Ingebrauchnahme,09663,Würzburg,KfS,16,"12,6347376317764","Würzburg, KfS"
***100,Diebstahl insgesamt von Kraftwagen einschl. unbefugte Ingebrauchnahme,09671,Aschaffenburg,LK,46,"26,4414924498043","Aschaffenburg, LK"
***100,Diebstahl insgesamt von Kraftwagen einschl. unbefugte Ingebrauchnahme,09672,Bad Kissingen,LK,6,"5,81029390403331","Bad Kissingen, LK"
***100,Diebstahl insgesamt von Kraftwagen einschl. unbefugte Ingebrauchnahme,09673,Rhön-Grabfeld,LK,13,"16,2915434357612","Rhön-Grabfeld, LK"
***100,Diebstahl insgesamt von Kraftwagen einschl. unbefugte Ingebrauchnahme,09674,Haßberge,LK,8,"9,47149081265391","Haßberge, LK"
***100,Diebstahl insgesamt von Kraftwagen einschl. unbefugte Ingebrauchnahme,09675,Kitzingen,LK,16,"17,6934390516317","Kitzingen, LK"
***100,Diebstahl insgesamt von Kraftwagen einschl. unbefugte Ingebrauchnahme,09676,Miltenberg,LK,21,"16,3444475576726","Miltenberg, LK"
***100,Diebstahl insgesamt von Kraftwagen einschl. unbefugte Ingebrauchnahme,09677,Main-Spessart,LK,6,"4,74222078199221","Main-Spessart, LK"
***100,Diebstahl insgesamt von Kraftwagen einschl. unbefugte Ingebrauchnahme,09678,Schweinfurt,LK,14,"12,1628078710742","Schweinfurt, LK"
***100,Diebstahl insgesamt von Kraftwagen einschl. unbefugte Ingebrauchnahme,09679,Würzburg,LK,14,"8,67732738316599","Würzburg, LK"
***100,Diebstahl insgesamt von Kraftwagen einschl. unbefugte Ingebrauchnahme,09761,Augsburg,KfS,40,"13,6588230875087","Augsburg, KfS"
***100,Diebstahl insgesamt von Kraftwagen einschl. unbefugte Ingebrauchnahme,09762,Kaufbeuren,KfS,8,"18,4001104006624","Kaufbeuren, KfS"
***100,Diebstahl insgesamt von Kraftwagen einschl. unbefugte Ingebrauchnahme,09763,Kempten (Allgäu),KfS,11,"16,0983462607932","Kempten (Allgäu), KfS"
***100,Diebstahl insgesamt von Kraftwagen einschl. unbefugte Ingebrauchnahme,09764,Memmingen,KfS,4,"9,20174833218312","Memmingen, KfS"
***100,Diebstahl insgesamt von Kraftwagen einschl. unbefugte Ingebrauchnahme,09771,Aichach-Friedberg,LK,23,"17,3459229539353","Aichach-Friedberg, LK"
***100,Diebstahl insgesamt von Kraftwagen einschl. unbefugte Ingebrauchnahme,09772,Augsburg,LK,27,"10,8070029379038","Augsburg, LK"
***100,Diebstahl insgesamt von Kraftwagen einschl. unbefugte Ingebrauchnahme,09773,Dillingen a.d.Donau,LK,9,"9,45785474836852","Dillingen a.d.Donau, LK"
***100,Diebstahl insgesamt von Kraftwagen einschl. unbefugte Ingebrauchnahme,09774,Günzburg,LK,22,"17,6679864117123","Günzburg, LK"
***100,Diebstahl insgesamt von Kraftwagen einschl. unbefugte Ingebrauchnahme,09775,Neu-Ulm,LK,31,"17,9662234998203","Neu-Ulm, LK"
***100,Diebstahl insgesamt von Kraftwagen einschl. unbefugte Ingebrauchnahme,09776,Lindau (Bodensee),LK,4,"4,92926504658155","Lindau (Bodensee), LK"
***100,Diebstahl insgesamt von Kraftwagen einschl. unbefugte Ingebrauchnahme,09777,Ostallgäu,LK,14,"10,0518387685062","Ostallgäu, LK"
***100,Diebstahl insgesamt von Kraftwagen einschl. unbefugte Ingebrauchnahme,09778,Unterallgäu,LK,16,"11,2246043326973","Unterallgäu, LK"
***100,Diebstahl insgesamt von Kraftwagen einschl. unbefugte Ingebrauchnahme,09779,Donau-Ries,LK,14,"10,5229136444608","Donau-Ries, LK"
***100,Diebstahl insgesamt von Kraftwagen einschl. unbefugte Ingebrauchnahme,09780,Oberallgäu,LK,10,"6,46964442834222","Oberallgäu, LK"
***100,Diebstahl insgesamt von Kraftwagen einschl. unbefugte Ingebrauchnahme,10041,Regionalverband Saarbrücken,RV,104,"31,5008329547176","Regionalverband Saarbrücken, RV"
***100,Diebstahl insgesamt von Kraftwagen einschl. unbefugte Ingebrauchnahme,10042,Merzig-Wadern,LK,38,"36,6597206143397","Merzig-Wadern, LK"
***100,Diebstahl insgesamt von Kraftwagen einschl. unbefugte Ingebrauchnahme,10043,Neunkirchen,LK,33,"24,7567462133431","Neunkirchen, LK"
***100,Diebstahl insgesamt von Kraftwagen einschl. unbefugte Ingebrauchnahme,10044,Saarlouis,LK,53,"27,0663636595766","Saarlouis, LK"
***100,Diebstahl insgesamt von Kraftwagen einschl. unbefugte Ingebrauchnahme,10045,Saarpfalz-Kreis,LK,21,"14,6441472224934","Saarpfalz-Kreis, LK"
***100,Diebstahl insgesamt von Kraftwagen einschl. unbefugte Ingebrauchnahme,10046,St. Wendel,LK,19,"21,6235901988232","St. Wendel, LK"
***100,Diebstahl insgesamt von Kraftwagen einschl. unbefugte Ingebrauchnahme,11000,Berlin,KfS,5699,"157,714345806484","Berlin, KfS"
***100,Diebstahl insgesamt von Kraftwagen einschl. unbefugte Ingebrauchnahme,12051,Brandenburg an der Havel,KfS,50,"69,5545725175973","Brandenburg an der Havel, KfS"
***100,Diebstahl insgesamt von Kraftwagen einschl. unbefugte Ingebrauchnahme,12052,Cottbus,KfS,164,"162,318381566966","Cottbus, KfS"
***100,Diebstahl insgesamt von Kraftwagen einschl. unbefugte Ingebrauchnahme,12053,Frankfurt (Oder),KfS,87,"149,389563336024","Frankfurt (Oder), KfS"
***100,Diebstahl insgesamt von Kraftwagen einschl. unbefugte Ingebrauchnahme,12054,Potsdam,KfS,153,"87,0752945193785","Potsdam, KfS"
***100,Diebstahl insgesamt von Kraftwagen einschl. unbefugte Ingebrauchnahme,12060,Barnim,LK,120,"66,3481953290871","Barnim, LK"
***100,Diebstahl insgesamt von Kraftwagen einschl. unbefugte Ingebrauchnahme,12061,Dahme-Spreewald,LK,213,"127,301740985782","Dahme-Spreewald, LK"
***100,Diebstahl insgesamt von Kraftwagen einschl. unbefugte Ingebrauchnahme,12062,Elbe-Elster,LK,28,"27,0649074476826","Elbe-Elster, LK"
***100,Diebstahl insgesamt von Kraftwagen einschl. unbefugte Ingebrauchnahme,12063,Havelland,LK,113,"70,3129861240744","Havelland, LK"
***100,Diebstahl insgesamt von Kraftwagen einschl. unbefugte Ingebrauchnahme,12064,Märkisch-Oderland,LK,194,"100,559296292265","Märkisch-Oderland, LK"
***100,Diebstahl insgesamt von Kraftwagen einschl. unbefugte Ingebrauchnahme,12065,Oberhavel,LK,152,"72,4178510002716","Oberhavel, LK"
***100,Diebstahl insgesamt von Kraftwagen einschl. unbefugte Ingebrauchnahme,12066,Oberspreewald-Lausitz,LK,64,"57,5943557531362","Oberspreewald-Lausitz, LK"
***100,Diebstahl insgesamt von Kraftwagen einschl. unbefugte Ingebrauchnahme,12067,Oder-Spree,LK,309,"173,257750340628","Oder-Spree, LK"
***100,Diebstahl insgesamt von Kraftwagen einschl. unbefugte Ingebrauchnahme,12068,Ostprignitz-Ruppin,LK,54,"54,3434506078416","Ostprignitz-Ruppin, LK"
***100,Diebstahl insgesamt von Kraftwagen einschl. unbefugte Ingebrauchnahme,12069,Potsdam-Mittelmark,LK,174,"81,6081495586594","Potsdam-Mittelmark, LK"
***100,Diebstahl insgesamt von Kraftwagen einschl. unbefugte Ingebrauchnahme,12070,Prignitz,LK,20,"25,8856114828573","Prignitz, LK"
***100,Diebstahl insgesamt von Kraftwagen einschl. unbefugte Ingebrauchnahme,12071,Spree-Neiße,LK,196,"169,761640798226","Spree-Neiße, LK"
***100,Diebstahl insgesamt von Kraftwagen einschl. unbefugte Ingebrauchnahme,12072,Teltow-Fläming,LK,190,"113,847444424471","Teltow-Fläming, LK"
***100,Diebstahl insgesamt von Kraftwagen einschl. unbefugte Ingebrauchnahme,12073,Uckermark,LK,66,"54,840505529751","Uckermark, LK"
***100,Diebstahl insgesamt von Kraftwagen einschl. unbefugte Ingebrauchnahme,13003,Rostock,KfS,98,"47,0229212749929","Rostock, KfS"
***100,Diebstahl insgesamt von Kraftwagen einschl. unbefugte Ingebrauchnahme,13004,Schwerin,KfS,30,"31,3162207584789","Schwerin, KfS"
***100,Diebstahl insgesamt von Kraftwagen einschl. unbefugte Ingebrauchnahme,13071,Mecklenburgische Seenplatte,LK,64,"24,5611611288924","Mecklenburgische Seenplatte, LK"
***100,Diebstahl insgesamt von Kraftwagen einschl. unbefugte Ingebrauchnahme,13072,Landkreis Rostock,LK,80,"37,2725790295152","Landkreis Rostock, LK"
***100,Diebstahl insgesamt von Kraftwagen einschl. unbefugte Ingebrauchnahme,13073,Vorpommern-Rügen,LK,38,"16,8796613406893","Vorpommern-Rügen, LK"
***100,Diebstahl insgesamt von Kraftwagen einschl. unbefugte Ingebrauchnahme,13074,Nordwestmecklenburg,LK,27,"17,1982190288739","Nordwestmecklenburg, LK"
***100,Diebstahl insgesamt von Kraftwagen einschl. unbefugte Ingebrauchnahme,13075,Vorpommern-Greifswald,LK,82,"34,589523592586","Vorpommern-Greifswald, LK"
***100,Diebstahl insgesamt von Kraftwagen einschl. unbefugte Ingebrauchnahme,13076,Ludwigslust-Parchim,LK,42,"19,7626598658021","Ludwigslust-Parchim, LK"
***100,Diebstahl insgesamt von Kraftwagen einschl. unbefugte Ingebrauchnahme,14511,Chemnitz,KfS,142,"57,5236474853659","Chemnitz, KfS"
***100,Diebstahl insgesamt von Kraftwagen einschl. unbefugte Ingebrauchnahme,14521,Erzgebirgskreis,LK,43,"12,6331994605918","Erzgebirgskreis, LK"
***100,Diebstahl insgesamt von Kraftwagen einschl. unbefugte Ingebrauchnahme,14522,Mittelsachsen,LK,89,"28,8817567896467","Mittelsachsen, LK"
***100,Diebstahl insgesamt von Kraftwagen einschl. unbefugte Ingebrauchnahme,14523,Vogtlandkreis,LK,69,"30,0543591887936","Vogtlandkreis, LK"
***100,Diebstahl insgesamt von Kraftwagen einschl. unbefugte Ingebrauchnahme,14524,Zwickau,LK,86,"26,8760078502944","Zwickau, LK"
***100,Diebstahl insgesamt von Kraftwagen einschl. unbefugte Ingebrauchnahme,14612,Dresden,KfS,445,"80,751698507636","Dresden, KfS"
***100,Diebstahl insgesamt von Kraftwagen einschl. unbefugte Ingebrauchnahme,14625,Bautzen,LK,170,"56,173463655769","Bautzen, LK"
***100,Diebstahl insgesamt von Kraftwagen einschl. unbefugte Ingebrauchnahme,14626,Görlitz,LK,411,"160,179588209847","Görlitz, LK"
***100,Diebstahl insgesamt von Kraftwagen einschl. unbefugte Ingebrauchnahme,14627,Meißen,LK,117,"48,1755070780937","Meißen, LK"
***100,Diebstahl insgesamt von Kraftwagen einschl. unbefugte Ingebrauchnahme,14628,Sächsische Schweiz-Osterzgebirge,LK,70,"28,5227652413433","Sächsische Schweiz-Osterzgebirge, LK"
***100,Diebstahl insgesamt von Kraftwagen einschl. unbefugte Ingebrauchnahme,14713,Leipzig,KfS,493,"84,7108148046325","Leipzig, KfS"
***100,Diebstahl insgesamt von Kraftwagen einschl. unbefugte Ingebrauchnahme,14729,Leipzig,LK,94,"36,4329788223621","Leipzig, LK"
***100,Diebstahl insgesamt von Kraftwagen einschl. unbefugte Ingebrauchnahme,14730,Nordsachsen,LK,92,"46,5130388181644","Nordsachsen, LK"
***100,Diebstahl insgesamt von Kraftwagen einschl. unbefugte Ingebrauchnahme,15001,Dessau-Roßlau,KfS,38,"46,2788176979942","Dessau-Roßlau, KfS"
***100,Diebstahl insgesamt von Kraftwagen einschl. unbefugte Ingebrauchnahme,15002,Halle (Saale),KfS,212,"88,6387677538853","Halle (Saale), KfS"
***100,Diebstahl insgesamt von Kraftwagen einschl. unbefugte Ingebrauchnahme,15003,Magdeburg,KfS,214,"89,7357408230529","Magdeburg, KfS"
***100,Diebstahl insgesamt von Kraftwagen einschl. unbefugte Ingebrauchnahme,15081,Altmarkkreis Salzwedel,LK,24,"28,4168274980167","Altmarkkreis Salzwedel, LK"
***100,Diebstahl insgesamt von Kraftwagen einschl. unbefugte Ingebrauchnahme,15082,Anhalt-Bitterfeld,LK,51,"31,6251612263121","Anhalt-Bitterfeld, LK"
***100,Diebstahl insgesamt von Kraftwagen einschl. unbefugte Ingebrauchnahme,15083,Börde,LK,76,"44,0275983524409","Börde, LK"
***100,Diebstahl insgesamt von Kraftwagen einschl. unbefugte Ingebrauchnahme,15084,Burgenlandkreis,LK,47,"25,828717137079","Burgenlandkreis, LK"
***100,Diebstahl insgesamt von Kraftwagen einschl. unbefugte Ingebrauchnahme,15085,Harz,LK,94,"43,458360880078","Harz, LK"
***100,Diebstahl insgesamt von Kraftwagen einschl. unbefugte Ingebrauchnahme,15086,Jerichower Land,LK,69,"76,2725916100149","Jerichower Land, LK"
***100,Diebstahl insgesamt von Kraftwagen einschl. unbefugte Ingebrauchnahme,15087,Mansfeld-Südharz,LK,43,"31,1564852586351","Mansfeld-Südharz, LK"
***100,Diebstahl insgesamt von Kraftwagen einschl. unbefugte Ingebrauchnahme,15088,Saalekreis,LK,77,"41,5107766288937","Saalekreis, LK"
***100,Diebstahl insgesamt von Kraftwagen einschl. unbefugte Ingebrauchnahme,15089,Salzlandkreis,LK,81,"42,0257446598768","Salzlandkreis, LK"
***100,Diebstahl insgesamt von Kraftwagen einschl. unbefugte Ingebrauchnahme,15090,Stendal,LK,42,"37,107062710936","Stendal, LK"
***100,Diebstahl insgesamt von Kraftwagen einschl. unbefugte Ingebrauchnahme,15091,Wittenberg,LK,39,"30,7534597642235","Wittenberg, LK"
***100,Diebstahl insgesamt von Kraftwagen einschl. unbefugte Ingebrauchnahme,16051,Erfurt,KfS,153,"71,8350329596034","Erfurt, KfS"
***100,Diebstahl insgesamt von Kraftwagen einschl. unbefugte Ingebrauchnahme,16052,Gera,KfS,28,"29,5174943864051","Gera, KfS"
***100,Diebstahl insgesamt von Kraftwagen einschl. unbefugte Ingebrauchnahme,16053,Jena,KfS,52,"46,8051017560914","Jena, KfS"
***100,Diebstahl insgesamt von Kraftwagen einschl. unbefugte Ingebrauchnahme,16054,Suhl,KfS,3,"8,53096741170449","Suhl, KfS"
***100,Diebstahl insgesamt von Kraftwagen einschl. unbefugte Ingebrauchnahme,16055,Weimar,KfS,25,"38,8042094806445","Weimar, KfS"
***100,Diebstahl insgesamt von Kraftwagen einschl. unbefugte Ingebrauchnahme,16056,Eisenach,KfS,11,"25,7550924841957","Eisenach, KfS"
***100,Diebstahl insgesamt von Kraftwagen einschl. unbefugte Ingebrauchnahme,16061,Eichsfeld,LK,18,"17,8846440459039","Eichsfeld, LK"
***100,Diebstahl insgesamt von Kraftwagen einschl. unbefugte Ingebrauchnahme,16062,Nordhausen,LK,35,"41,3237777016896","Nordhausen, LK"
***100,Diebstahl insgesamt von Kraftwagen einschl. unbefugte Ingebrauchnahme,16063,Wartburgkreis,LK,12,"9,69587279014899","Wartburgkreis, LK"
***100,Diebstahl insgesamt von Kraftwagen einschl. unbefugte Ingebrauchnahme,16064,Unstrut-Hainich-Kreis,LK,38,"36,7135569639821","Unstrut-Hainich-Kreis, LK"
***100,Diebstahl insgesamt von Kraftwagen einschl. unbefugte Ingebrauchnahme,16065,Kyffhäuserkreis,LK,25,"32,973700176739","Kyffhäuserkreis, LK"
***100,Diebstahl insgesamt von Kraftwagen einschl. unbefugte Ingebrauchnahme,16066,Schmalkalden-Meiningen,LK,24,"19,5198126097989","Schmalkalden-Meiningen, LK"
***100,Diebstahl insgesamt von Kraftwagen einschl. unbefugte Ingebrauchnahme,16067,Gotha,LK,42,"30,9915068513367","Gotha, LK"
***100,Diebstahl insgesamt von Kraftwagen einschl. unbefugte Ingebrauchnahme,16068,Sömmerda,LK,18,"25,7043711711197","Sömmerda, LK"
***100,Diebstahl insgesamt von Kraftwagen einschl. unbefugte Ingebrauchnahme,16069,Hildburghausen,LK,8,"12,5150571781675","Hildburghausen, LK"
***100,Diebstahl insgesamt von Kraftwagen einschl. unbefugte Ingebrauchnahme,16070,Ilm-Kreis,LK,32,"29,4036570798493","Ilm-Kreis, LK"
***100,Diebstahl insgesamt von Kraftwagen einschl. unbefugte Ingebrauchnahme,16071,Weimarer Land,LK,33,"40,1797128976878","Weimarer Land, LK"
***100,Diebstahl insgesamt von Kraftwagen einschl. unbefugte Ingebrauchnahme,16072,Sonneberg,LK,9,"15,968488848672","Sonneberg, LK"
***100,Diebstahl insgesamt von Kraftwagen einschl. unbefugte Ingebrauchnahme,16073,Saalfeld-Rudolstadt,LK,20,"18,627524029506","Saalfeld-Rudolstadt, LK"
***100,Diebstahl insgesamt von Kraftwagen einschl. unbefugte Ingebrauchnahme,16074,Saale-Holzland-Kreis,LK,15,"18,0744668032293","Saale-Holzland-Kreis, LK"
***100,Diebstahl insgesamt von Kraftwagen einschl. unbefugte Ingebrauchnahme,16075,Saale-Orla-Kreis,LK,12,"14,7237457209114","Saale-Orla-Kreis, LK"
***100,Diebstahl insgesamt von Kraftwagen einschl. unbefugte Ingebrauchnahme,16076,Greiz,LK,24,"24,1752707126668","Greiz, LK"
***100,Diebstahl insgesamt von Kraftwagen einschl. unbefugte Ingebrauchnahme,16077,Altenburger Land,LK,26,"28,6817429674573","Altenburger Land, LK"
