"","id","model","price","kilometer","registration_date","condition","zip_code","text","place"
"2","1169920269","Kleinwagen","1.900€","161.000","2004","UnbeschädigtesFahrzeug","81539","                    Gut erhaltener Polo abzugeben. Er wurde die meiste Zeit für Langstrecken genutzt.Eignet sich aber perfekt für in der Stadt und kurze Strecken.Kann bei Interesse gerne besichtigt (Obergiesing) oder mehr Bilder geschickt werden.Scheckheft gepflegt.","81539München-Obergiesing"
"3","1178341163","Kleinwagen","13.890€","8.330","2016","UnbeschädigtesFahrzeug","86934","                    Hallo!Ich verkaufe diesen Polo mit 90 PS Automatik (7 Gang DSG) aus einem Erbfall, es handelt sich um ein Rentnerfahrzeug.Es hat noch extrem wenig KM, weshalb alle Verschleißteile in einem sehr guten Zustand sind. Allgemein ein neuwertiges Fahrzeug mit EURO 6 plus.Die Sommerreifen sind auf Leichtmetallfelgen, die Winterreifen auf Stahl.Die Highlights des Autos sind der sehr schöne Metallic Lack ""Toffee Braun"", Sitzheizung v, Einparkhilfe v/h, großes Radio mit Aux & Touchscreen, Klimaanlage, Multifunktionslenkrad mit Tempomat, Boardcomputer mit Statusanzeige, Scheinwerferreinigungsanlage, Kurvenlicht, Reifendruckkontrolle und vieles mehr...Es ist eine neue Batterie verbaut, eine große Inspektion und neuer TÜV sind im Verkaufspreis inklusive.Rufen Sie mich gerne an, und kommen Sie vorbei!Viele Grüße, Tobias","86934Bayern-Reichling"
"5","1178176759","Kleinwagen","1.000€","142","2003","05","81825","                    Sehr gut Zu standen","81825München-Trudering-Riem"
"6","1178117195","Kleinwagen","1.900€","208.000","2006","UnbeschädigtesFahrzeug","80999","                    Falls Sie schon immer Probleme hatten, ihr Auto in der Stadt zu finden, oder gerne im Wald unerkannt umherfahren wollen, dann habe ich genau das richtige Auto für Sie....Ich muss leider meinen heiß geliebten Polo verkaufen, da ich ab September für ein Jahr im Ausland bin. Es lohnt sich für mich daher nicht, mein Auto und meine Garage zu behalten.Es fährt wie eine Eins und ich musste bis jetzt nichts Großes machen lassen. TÜV ist im Mai gemacht worden, das heißt, Sie haben für die nächsten zwei Jahre erst mal Ihre Ruhe. :)Öl wurde Ende letztes Jahres gewechselt und ich habe im Mai nagelneue Allwetterreifen montieren lassen. (siehe Fotos) Rechnung habe ich auch noch.Vom Vorbesitzer hat es leichte Kratzer. Eine größere an der rechten Tür (s. Fotos)Das Lenkrad hat Abnutzungserscheinungen.Bei Interesse können Sie gerne vorbeikommen und eine Probefahrt machen.PRIVATVERKAUFKleinwagenGebrauchtfahrzeugUnfallfreiHubraum: 1198 cm³Anzahl der Türen: 2/3 TürenAnzahl Sitzplätze: 5Schadstoffklasse: Euro4Umweltplakette: 4 (Grün)Anzahl der Fahrzeughalter: 2HU: 5/2021Farbe: GrünFarbe (Hersteller): --Innenausstattung: StoffFarbe der Innenausstattung: GrauAirbags: Fahrer-AirbagAnhängerkupplung: --Radio: Tuner/RadioAusstattungABS, Bordcomputer, CD-Spieler, Elektr. Fensterheber, Elektr. Wegfahrsperre, Isofix, Servolenkung, ZentralverriegelungDer Preis ist Verhandlungsbasis.Privatanbieter80999 MünchenDeutschlandTel.: +49 176 47701677Weitere Informationen bei","80999München-Allach-Untermenzing"
"7","1178069528","Benzin","1.000€","150.000","2019",NA,"85221","                    Suche von Privat vw golf oder polo. Tüv 1Jarhe brauche Minimum. Nur BENZIN Bitte alles anbieten.","85221Kr.Dachau-Dachau"
"11","1178009531","Kleinwagen","8.300€","67.700","2010","UnbeschädigtesFahrzeug","83083","                    VW Polo 1.2 TSI Team-Leistung : 77 kW / 105 PS-Hubraum: 1197 ccm-Motorart : Benzin / Euro 5-Getriebe: 6 Gang / Manuell-Farbe : Shadow Blue Metallic-TÜV : 10/19Pakete:-Team Plus Paket-Nichtraucher Paket-Komfort Paket Elektrik 1-Licht+Sicht Paket-Außenausstattung: ColorFahrassistenz-System:-Geschwindigkeits-Regelanlage (Tempomat)-Berganfahr Assistent-ABS-EDS-ASR-ESPScheinwerfer+Licht:-Doppelscheinwerfer (Halogen)-Tagfahrlicht-Nebelscheinwerfer mit integriertem Abbiegelicht-Blinkleuchte in Außenspiegel integriert-NebelschlussleuchteTechnik+Sicherheit:-Klimaanlage Climatic-Sitzheizung Fahrer und Beifahrer-Sportsitze-Multifunktionsanzeige / Bordcomputer-Park Distance Control (Hinten)-Integriertes Ladegerät-Marderschreck-Scheibenwischer mit Regensensor-Reifenkontrollanzeige-Airbag Fahrer-Beifahrerseite-Airbag Beifahrerseite abschaltbar-Seitenairbag vorn mit Kopfairbag-Mittelarmlehne für Fahrer-Fensterheber elektrisch vorn und hinten-Wegfahrsperre-Isofix Aufnahmen für Kindersitz hinten-Sonnenblenden vorn mit Spiegel beleuchtet-Fußraumbeleuchtung-Innenspiegel mit AbblendautomatikMultimedia:-Audiosystem RCD 310 MP3-6 Lautsprecher-Multimediabuchse AUX-INRäder:-Sommer 215/45 R 16-Winter 185/60 R 15Unfall:-Behobener Wildschaden-Gutachten vorhanden-Werkstatt Rechnung vorhandenPrivatverkauf83083 RiederingDeutschlandMobil: 01607835940Tel: 08036/9083056","83083Bayern-Riedering"
"16","1177894727","Benzin","400€","144.000","2000","2/3","83512","                    Das Auto hat einen Hagelschaden und ist ohne Tüv , entweder zum Herrichten oder Ausschlachten . Preis ist VB","83512Bayern-WasserburgamInn"
"17","1177805173","Kleinwagen","1.450€","180.000","2005","UnbeschädigtesFahrzeug","83022","                    Das Auto ist voll fahrbereit bitte um Anruf falls es Fragen gibt!!!Klima4x El Fenster2x El spiegelCd radio6x Airbag1,4 Benzin","83022Bayern-Rosenheim"
"20","1177659610","Kleinwagen","5.190€","94.600","2008","UnbeschädigtesFahrzeug","Ottos","                    VW Polo 1.4 16V Silver Edition mit 5 Türen- HU/AU Neu- 1. Hand- VW Scheckheft gepflegt- (lückenlose VW Historie)- Klimaanlage- 16 Zoll Leichtmetallfelgen- CD-Radio ""RCD 200 MP3""- Incl. Winterkompletträder etc.Sonderausstattung:Karosserie: 4-türig, Klimaanlage ""Climatic"", Audiosystem RCD 200 MP3 (Radio/CD-Player, 4 Lautsprecher), Fensterheber elektrisch hinten, Silver Edition: 16 Zoll Leichtmetallfelgen ""Varano"" mit 205 45 16 Breitreifen, Reserverad in Fahrbereifung (16 Zoll Leichtmetallfelge - Neu und unbenutzt), Lederlenkrad, schwarzer Dachhimmel, Verglasung hinten abgedunkelt (65 %), zusätzlich WinterkompletträderWeitere Ausstattung:ABS, ESP, Fahrer-/ Beifahrer-/ Seitenairbag, 3-Punkt-Sicherheitsgurt hinten mitte, Airbag Beifahrerseite abschaltbar, 3. Bremsleuchte, Servolenkung, Außenausstattung: Color, Außenspiegel lackiert, Blinkleuchte in Außenspiegel integriert, Bremsassistent, Dachantenne, Doppeltonhorn, Fensterheber elektrisch vorn, Kopfstützen hinten (3-fach), Drehzahlmesser, Lenksäule (Lenkrad) mechan. verstellbar, Höhen-/Längsverstellung, Metallic-Lackierung, Motor 1,4 Ltr. - 59 kW 16V, Nichtraucher-Paket, Rücksitzbank / Lehne geteilt (60/40), Schalt-/Wählhebelgriff Leder, Schutzleisten Stoßfänger Wagenfarbe, Seitenschutzleisten Wagenfarbe, Sitz vorn links höhenverstellbar, Schublade unter Sitz vorn links, Sonnenblende links und rechts mit Spiegel (beleuchtet), Staub- und Pollenfilter, Stoßfänger lackiert, Getränkehalter, Textilfussmatten, Wärmeschutzverglasung grün getönt u.s.w.VW-Wartungshistorie:18.01.2010 bei 14.024 KM22.03.2011 bei 26.212 KM13.06.2012 bei 36.538 KM02.06.2015 bei 59.917 KM17.05.2018 bei 83.456 KM18.07.2018 bei 83.850 KM Zahnriemen erneuertDeutsches Nichtraucherfahrzeug aus seriösen Vorbesitz- Bordmappe incl. Scheckheft, diverse Unterlagen und 2 originale Schlüssel vorhanden.- Finanzierung ggf. auch ohne Anzahlung möglich.- Inzahlungnahme selbstverständlich zu fairen Preisen durch unser Haus möglich.- Sämtliche Angaben zu dem inserierten Fahrzeug sind unverbindlich.- Irrtümer, Schreibfehler und Zwischenverkauf vorbehalten.- BITTE KEINE ANFRAGEN PER MAIL!Sollten wir Ihr Interesse geweckt haben freuen wir uns auf Ihren Anruf und sind gerne unter 015120472680 für Sie da.Öffnungszeiten:Mo-Fr 08:00-18:30Sa      08:00-15:30KleinwagenGebrauchtfahrzeugHubraum: 1390 cm³Anzahl der Türen: 4/5 TürenAnzahl Sitzplätze: 5Schadstoffklasse: Euro4Umweltplakette: 4 (Grün)Anzahl der Fahrzeughalter: 1HU: NeuFarbe: Silber MetallicFarbe (Hersteller): Silverbird MetallicInnenausstattung: StoffFarbe der Innenausstattung: SchwarzAirbags: Front- und Seiten-AirbagsAnhängerkupplung: --Radio: Tuner/RadioPannenhilfe: ReserveradAusstattungABS, Alarmanlage, CD-Spieler, ESP, Elektr. Fensterheber, Elektr. Wegfahrsperre, Innenspiegel autom. abblendend, Isofix, Lederlenkrad, Leichtmetallfelgen, Nichtraucher-Fahrzeug, Scheckheftgepflegt, Servolenkung, Sommerreifen, Sportpaket, Stahlfelgen, Winterreifen, ZentralverriegelungWeitere Informationen bei","Ottostr23,84030Bayern-Landshut"
"21","1177585257","Limousine","500€","86.000","2004","UnbeschädigtesFahrzeug","Lippe","                    !!!!! BITTE BEACHTEN !!!!!BEI DEN ANGEBOTENEN FAHRZEUGEN HANDELT ES SICH UM REINE HÄNDLER- EXPORTWARE / GEWERBEWARE.WIR HABEN KEINEN WERKSTATTBETRIEB.ES WIRD KEINE HAUPTUNTERSUCHUNG TÜV / AU ERNEUERT.WIR WISSEN NICHT WAS FÜR EINE NEUE HAUPTUNTERSUCHUNG REPARIERT / INVESTIERT WERDEN MUSS.!!!!! BITTE BEACHTEN !!!!!VW Polo 9N 1.2l BenzinKleinwagen3-TürenSchaltgetriebe1.2l Benzin47 KW / 64 PSEURO 4TÜV / HU / AU abgelaufenKlimaanlageelektrische Fensterheberelektrisch verstellbare AußenspiegelLeichtmetallräderServolenkungStoffsitzeMängel / Beschädigungen:- Motorkontrollampe leuchtet auf / Motor hat keine Leistung- diverse Kratzer und Dellen- altersbedingte Gebrauchsspuren- diverse RostschädenÄnderungen, Irrtümer und Zwischenverkauf vorbehalten.Der Verkauf erfolgt ausschließlich an Gewerbetreibende / Export oder an Bastler.","Lippertskirchen10,83075Bayern-BadFeilnbach"
"22","1175071369","Benzin","4.000€","148.000","2010","Euro6","81375","                    Frische TÜV, Winterreifen, Navi, rückwärtscamera, lederlenkrad.Gibts kleine Schäden (Foto)","81375München-Hadern"
"24","1177073659","Kleinwagen","300€","140.000","1994","2019","82049","                    Bitte ein Auto (VW Polo) zum Verkauf an. Dieses Auto hat mir lange Jahre gute Dienste bereitet und da ich nun zwei Kinder habe muss ich mich von ihm trennen. Der TÜV läuft diesen Monat, die Windschutzscheibe ist beschädigt und die beiden Außenspiegel sind von irgendwelchen betrunkenen Jugendlichen abgeschlagen worden. Da ich glaube dass es sehr aufwändiges ist diesen nochmal herzurichten um Ihn noch einmal durch den TÜV zu bekommen, ist wohl seine neue Bestimmung das Ausschlachten. Daher der geringe Preis… Ich freu mich über euren Kontakt und bis bald…","82049Bayern-Pullach"
"25","1177439981","Kleinwagen","2.280€","149.770","2003","10","85635","                    Biete hier den Polo von meinem Schwiegervater zum Verkauf an.Motor/Getriebe/Kupplung einwandfrei, voll fahrbereit.Grüne Umweltplakette.8-fach bereift, Sommerreifen auf original VW Alufelgen.Fahrzeug hat fast Vollausstattung.TempomatKlimaanlageSitzheizungServolenkungelektrische/beheizbare Aussenspiegelelektrische Fensterheber vorne & hintenAlarmanlageBlaupunkt Radio mit CD/AUX/USBFahrer- und Beifahrersitz höhenverstellbarZentralverriegelung mit Fernbedienungusw.Das Auto ist seit 2007 in Familienbesitz, Scheckheft bis 2016.Hat noch TÜV bis Oktober, wird wegen Neuanschaffung verkauft.Ist natürlich kein Neuwagen, ein paar Mängel sind vorhanden.Ist noch ein paar Tage angemeldet.Preis ist Verhandlungssache, macht mir ein Angebot.Bei Fragen einfach schreiben.","85635Kr.München-Höhenkirchen-Siegertsbrunn"
"26","1177404688","Limousine","950€","215.555","2000","11","Munch","                    Auto in gutem Zustand10/2000Tuv 11/2020215.000kmPreis:1000euro--Wir können noch arrangieren","Munchenerstrasse5,85643Bayern-Steinhöring"
"27","1176829122","Kleinwagen","1.550€","174.000","2004","08","86559","                    Verkaufe hier meinen stets zuverlässigen VW Polo aufgrund Familienzuwachs.Das Fahrzeug läuft ohne jegliche Probleme.Anbei eine Auflistung der Reparaturen die durchgeführt wurden:- Bremsen vorne (Scheiben und Belege siehe Bilder) sowie hinten komplett neu- 4 neue Fahrwerksfedern von der Firma ST- Winterreifen auf Stahlfelgen / Sommerreifen auf Alufelgen- neue Scheibenwischer (Firma Bosch) hinten und vorne- Klimaautomatik ( wurde vor 3 Wochen erst neu befüllt)- neue Steuerkette sowie neue Führungsschienen und Kettenspanner wurden 09/2018 erneuert(Rechnung kann gerne bei Besichtigung angeschaut werden)- Service ( Zündkerzen, Motoröl Service sowie alle Filter und Bremsflüssigkeit) wurden ebenfalls 09/2018 durchgeführt- das Fahrzeug ist TÜV bereit, allerdings müsste der rechte Schweller neu geschweißt werden (siehe Bilder)Das Fahrzeug befindet sich in einem technisch optimalen Zustand und kann jeder Zeit probegefahren werden.Für weitere Fragen können Sie mich gerne kontaktieren.","86559Bayern-Adelzhausen"
"28","1177337369","Kleinwagen","6.100€","63.800","2010","08","82140","                    Hallo, ich verkaufe hier meinen VW Polo aufgrund Neuanschaffung.Der Wagen befindet sich einem dem alter entsprechend guten Zustand. Er wurde stets warm gefahren und regelmäßig gewartet.Letzter Öl service: 06.2018Bremsflüssigkeit: 04.2018Neue Bremsbeläge und Scheiben vorn und hinten 03.2018Neue Federn vorne und hinten 04.2018Neue Sommer und Winterreifen 04 2018Alle Rechnungen zum Fahrzeug sind vorhanden.Leider hat der Vorbesitzer in einer Tiefgarage eine kleine Säule übersehen und einen Schaden hinten rechts (wie auf den Bildern zu sehen) verursacht. Dieser würde sich aber recht einfach reparieren lassen.Bei Interesse, melden sie sich bei mir bitte per Email oder Telefon.","82140Bayern-Olching"
"29","1177377554","Kleinwagen","650€","229.800","2000","12","80339","                    Preis: 650,00,-€VW Polo: Open Air DachBaujahr: 2000Erstzulassung: 05/2000Kilometerstand: ca. 229.800Kraftstoffart: BenzinLeistung: 37 KW 50 PSHubraum: 999Kraftstoffverbrauch: 5,9l /100Außerorts: 4,7l /100Umweltplakette: 4Außenfarbe: Metallic-SchwarzInnenausstattung: Stoff/schwarzAnzahl Türen: 3 /Sitzplätze 5Getriebeart: Schaltgetriebe2. HandAbgemeldet seit Nov. 2018Neue Auto Batterie mit 3 Jahren Garantie.Elektr. Sonnendach!Airbag Fahrer & BeifahrerReines Garagenfahrzeug (der Lack ist sehr gut erhalten).TÜV: 12/19Allwetterbereifung (vorne 2 neue) 155/70R 1375 SNichtraucherfahrzeugNeue Windschutzscheibe & Scheibenwischer (Juli 2018)Stoßdämpfer, EnttopfSchwingungsdämpfer 1. & 2. Achse erneuertMängel:Roststelle, vorne links siehe Bilder!Türknopf kann nur vom Beifahrer geöffnet/geschlossen werden.ABS: Hydraulikpumpe: Schwierigkeiten nur bei Schnee/EisDer ADAC hat sich das schon angesehen.Kleine Schrammen!Der Polo ist abgemeldet und wird ohne Nummernschilder übergeben.Keine Kompromisse möglich.Es handelt sich um einen PRIVAT Verkauf unter Ausschluss einer Garantie und Sachmangelhaftung.Eine Rücknahme ist nicht möglich!","80339München-Schwanthalerhöhe"
"30","1176174818","Kleinwagen","2.300€","211.000","2003","UnbeschädigtesFahrzeug","83022","                    aGutzuschtang einsetzen losfahren 8fach beraift015143385422","83022Bayern-Rosenheim"
"31","1175462433","Kleinwagen","1.500€","170.081","2003","04","80933","                    Motor läuft gutAuto eine Hagelschaden betroffen","80933München-Feldmoching"
"32","1148529151","Kleinwagen","2.200€","114.000","2002","09","85416","                    Auto ist einen Top Zustand für sein Alter.Übliche GebrauchspurenNEU 2019 gemacht:Ölwechsel & FilterBremsen KomplettKupplung NeuSämtliche MotordichtungenScheibenwischermotor vorne & hintenNeue WinterreifenAktueller KM 114.0008 Fach bereift Alu & Stahlfelgen OriginalFahrzeug bekommt bei Kauf neuen TÜV auf Wunsch.Das Fahrzeug wird derzeit noch gefahren.","85416Bayern-Langenbach"
"33","1177054081","Motorschaden","200€","999.999","2000",NA,"82515","                    Zu verkauf steht ein Fiat Punto mit Motorschaden.Fahrzeug nicht fahrbereit.Desweiteren wird ein VW Polo verkauft, dieser hat einen Servolenkungs schaden.Fahrzeug jedoch nicht fahrbereit wegen langer Standzeit.Abzugeben als Ersatzteilträger oder Export","82515Bayern-Wolfratshausen"
"34","1175736715","Kleinwagen","6.690€","78.000","2011","UnbeschädigtesFahrzeug","Th.-T","                    aus 2. Handletzte Inspektion 6/18 incl. neuer Bremsen vorne4/19 neuer Auspuff6/19 neue Batteriegepflegtes Nichtraucherfahrzeug8 fach bereift","Th.-Th.-Heine-Str.10,86911Bayern-Dießen"
"40","1176302397","Kleinwagen","2.450€","111.547","2009","UnbeschädigtesFahrzeug","83052","                    Ich verkaufe meinen alten Polo weil ich ein neues Firmenauto bekommen habe.111. 547 km 64 PS 1.2 Benzin MotorDas Auto hat noch TÜV bis Mai 2020.Ölwechsel wurde frisch durchgeführtSommerreifen auf LeichtmetallfelgenRadio JVC mit CD und SD Karte inklusive FreisprecheinrichtungDas Auto fährt einwandfrei, Heizung und Klimaanlage funktionieren auch tadellos.Der Lack ist OK und dem Alter von 10 Jahren entsprechend.Baujahr 2004-2006EZ erfolgte erst 03/2009 da das Auto aus einem Insolvenzverfahren stammtKommen wir zu den Mängeln:-Nur ein Teil der Rücksitzbank kann umgelegt werden.- Becherhalter auf der Beifahrerseite ist defekt, kann man aber auch drauf verzichten da in der Mittelkonsole auch noch 2 Getränkehalter sind.- Spannungsrisse der Kunststoffverkleidung siehe Bilder-Abgaswarnleuchte leuchtet, daraufhin wurde die Abgasanlage ab Kat sowie alle Zündspulen gewechselt. Fehler besteht weiterhin. Aber das Auto fährt seit über 10.000 km ohne Probleme und AuffälligkeitenDas Fahrzeug wird unter Ausschluss jeglicher Haftung für Sachmängel verkauft. Der Haftungsausschluss für Sachmängel gilt nicht für Schadensersatzansprüche, die auf eine vorsätzliche oder grob fahrlässige Verletzung von Pflichten des Verkäufers oder dessen Erfüllungsgehilfen beruhen sowie für Ansprüche aus der Verletzung von Leben, Körper oder Gesundheit.","83052Bayern-Bruckmühl"
"42","1157756437","Diesel","6.500€","105.334","2013","02","80687","                    hier verkaufe ich meinen poloscheckheftgepflegt letzte Inspektion beim 88000 km in einem sehr guten ZustandTÜV bis 02.2020sehr sparsam ca 4.5 Liter VerbrauchEin Tausch wäre eventuell möglich gegen ein Fahrzeug einer ähnlichen Preisklasse mit 5türig.","80687München-Laim"
"46","1175952367","Kleinwagen","1.150€","116","2000","UnbeschädigtesFahrzeug","Macht","                    Schöner Vw Polo absolut Rostfrei.Vier TürigFunk Zentralveriegelung. Zwei SchlüsselElektronisch FensterheberKlimaservice neuNeue BatterieNeue BremsflüssigkeitNeue Bremsen vorne und hintenNeue Auspuffanlage komplettNeuer Zahnriemen mit WasserpumpeNeue Zündkerzen und ZündkabelNeuer ÖlwechselNeuer LuftfiltetJVC Radio mit USB Und FreisprecheinrichtungTÜV Neu ohne MängelSehr sparsam im Benzinverbrauch!!!!","MachtlfingerStr,81379Sendling-Obersendling"
"74","1178406352","Limousine","8.600€","6.800","2016","UnbeschädigtesFahrzeug","81545","                    Unfallfrei, Topzustand, Scheckheftgepflegt, Nichtraucherfahrzeug, HU/AU (TÜV) neuKomfortsitze, City-Modus, Berg-Anfahr-Assistent, Bordcomputer, Komfort-Paket 2, Lederlenkrad, Lenkradheizung etc.","81545München-Untergiesing-Harlaching"
"75","1178395067","Kleinwagen","1.849€","170.000","2008","UnbeschädigtesFahrzeug","85368","                    Verkaufe hiermit einen wunderschönen Opel Corsa DDas Fahrzeug ist technisch im einwandfreien Zustand und besitzt eine tolle Ausstattung• TEILLEDER• 8 Fach Bereift• Tempomat• Bordcomputer• Klimaanlage funktioniert aber leider nicht !• Rost• TÜV 11/20 !• Nebelscheinwerfer• uvmBei weiteren Fragen stehe ich Ihnen gerne jederzeit vor Ort oder Telefonisch zu Verfügung","85368Bayern-Moosburga.d.Isar"
"76","1178384380","Kleinwagen","300€","108.000","1998","UnbeschädigtesFahrzeug","85635","                    Leider muß ich mich von meinem Corsa trennen.Das Auto ist gut gepflegt und schön zu fahren.","85635Kr.München-Höhenkirchen-Siegertsbrunn"
"77","1178364716","Kleinwagen","1.800€","26.400","2004","BeschädigtesFahrzeug","Hilde","                    Rentnerfahrzeug, TÜV ohne Mängel, Sommer und Winterbereifung, Original 26400 Km,Opeldachständer,funktionierende Klimaanlage, lückenloses Scheckheft !","Hildegardstr.10,82131Bayern-Gauting"
"78","1178346865","Kleinwagen","1.990€","209.000","2007","UnbeschädigtesFahrzeug","Boden","                    Sonderausstattung:Audiosystem CD 30 (Radio/CD-Player), Gepäck-/Laderaumboden höhenverstellbar, Reserverad in FahrbereifungWeitere Ausstattung:Airbag Beifahrerseite abschaltbar, Airbag Fahrer-/Beifahrerseite, Außenspiegel elektr. verstellbar, Bremsassistent, Bremsscheiben vorn innenbelüftet, Drehzahlmesser, Edition, Elektr. Bremskraftverteilung (EBD), Geschw.-Überwachung, Griffleiste Heckklappe Wagenfarbe, Isofix-Aufnahmen für Kindersitz an Rücksitz, Karosserie: 3-türig, Kopf-Airbag-System, Lenksäule (Lenkrad) verstellbar, Motor 1,2 Ltr. - 59 kW 16V KAT (Z 12 XEP / LB4), Nebelschlussleuchte, Pollenfilter, Rücksitzlehne geteilt, Rücksitzlehne klappbar, Seitenairbag vorn, Sitz vorn links höhenverstellbar, Sitzbezug / Polsterung: Stoff, Stahlfelgen 6x15, Stoßfänger Wagenfarbe, Verglasung getöntKleinwagenGebrauchtfahrzeugHubraum: 1229 cm³Anzahl der Türen: 2/3 TürenAnzahl Sitzplätze: 5Schadstoffklasse: Euro4Umweltplakette: 4 (Grün)Anzahl der Fahrzeughalter: --HU: 9/2020Farbe: Rot MetallicFarbe (Hersteller): Magma Rot (B)Innenausstattung: --Farbe der Innenausstattung: --Airbags: Front-, Seiten- und weitere AirbagsAnhängerkupplung: --AusstattungABS, CD-Spieler, Elektr. Fensterheber, Elektr. Seitenspiegel, Isofix, Nichtraucher-Fahrzeug, Scheckheftgepflegt, Servolenkung, ZentralverriegelungWeitere Informationen bei","BodenseeStr.149,81243München-Aubing"
"79","1178228572","Kleinwagen","1.950€","148.000","2008","BeschädigtesFahrzeug","80339","                    KleinwagenGebrauchtfahrzeugBeschädigtHubraum: 998 cm³Anzahl der Türen: 2/3 TürenAnzahl Sitzplätze: 5Schadstoffklasse: Euro4Umweltplakette: 4 (Grün)Anzahl der Fahrzeughalter: --HU: 8/2019Farbe: --Farbe (Hersteller): --Innenausstattung: --Farbe der Innenausstattung: --Airbags: --Anhängerkupplung: --Radio: Tuner/RadioAusstattungABS, CD-Spieler, Elektr. Fensterheber, Isofix, Servolenkung, Tuner/Radio, ZentralverriegelungDer Preis ist Verhandlungsbasis.PrivatanbieterTomic Aleksandar80339 MünchenDeutschlandTel.: +49 089 1607526850Weitere Informationen bei","80339München-Schwanthalerhöhe"
"82","1178193225","Kleinwagen","600€","225.000","2005","03","Konra","                    Verkaufe meinen Corsa C mit LPG. Optisch dem Alterenentsprechende Mängel fur den Tüv gemacht werden müsste Airbaglampe leuchtet und Lambdasonde muss gewechselt werden passend habe ich bereits vorliegen.","Konrad-Adenauer-Str.41,82256Bayern-Fürstenfeldbruck"
"83","1178155571","Kleinwagen","950€","174.000","2001","UnbeschädigtesFahrzeug","86438","                    VERKAUFE OPEL CORSA C AUS 2 HAND VOLL FAHRBEREIT MIT TÜV BIS 05.2021 SEHR SAUBER UND SPARSAM KEIN ROST MIT LEICHTE GEBRAUCHT SPURE GARAGEN WAGEN ABS SERVO ABGEMELDET","86438Bayern-Kissing"
"84","1178102446","Kleinwagen","1.790€","55.600","1990","UnbeschädigtesFahrzeug","82256","                    Das Fahrzeug ist für sein Alter in einem guten Zustand, Seitenteil hinten rechts und Kotflügel vorne sind neu, sonst Originallack.Große Inspektion mit Zündkerzen, Luftfilter, Kraftstofffilter, Ölfilter und Bremsflüssigkeit wurde 07/19 duchgeführt. Zahnriemen, Wasserpumpe und Thermostat wurde erneuert. Bremsscheiben und Klötze vorne ebenfalls.Technisch ist das Fahrzeug sehr gut, Karrosserie gute Basis für das H-Kennzeichen nächstes Jahr.8-fach bereift.Investiert wurden in das Fahrzeug dieses Jahr gesamt circa 2900,-Das Fahrzeug ist kein Neuwagen sondern bereits 29 Jahre alt, dies bitte nicht vergessen.Anfragen bitte nur telefonisch unter: 08141/26036, täglich von 19:30-22:00.KleinwagenGebrauchtfahrzeugUnfallfreiHubraum: 1195 cm³Anzahl der Türen: 2/3 TürenAnzahl Sitzplätze: 5Schadstoffklasse: Euro4Umweltplakette: 4 (Grün)Anzahl der Fahrzeughalter: 2HU: 7/2021Farbe: RotFarbe (Hersteller): --Innenausstattung: StoffFarbe der Innenausstattung: BeigeAirbags: --Anhängerkupplung: --Radio: Tuner/RadioPannenhilfe: ReserveradAusstattungCD-Spieler, Leichtmetallfelgen, Nichtraucher-Fahrzeug, Sommerreifen, WinterreifenDer Preis ist Verhandlungsbasis.Privatanbieter82256 FürstenfeldbruckDeutschlandTel.: +49 8141 26036Weitere Informationen bei","82256Bayern-Fürstenfeldbruck"
"85","1178102080","Kleinwagen","1.450€","132.000","2006","UnbeschädigtesFahrzeug","85368","                    Opel Corsa C Top ZustandTÜV BIS Dezember auf Wünsche kann ErneuertScheckheftgegflegt immer bei Opel8 Fachbereift Sommer und WinterreifenEuro 4Keine MängelKeine RostSehr SparsamGünstiger SteuerGarage AutoDas Auto ist immer noch Angemeldet und eine Probefahren ist möglich","85368Bayern-Moosburga.d.Isar"
"86","1178101719","Kleinwagen","2.490€","100.000","2006","UnbeschädigtesFahrzeug","81829","                    Verkauft wird ein Opel Corsa aus 1. Hd mit original 100.000 km. Der Tüv/AU ist NEU,Kundendienst mit Ölwechsel NEU, beim Tüv wurde die Achse bemängelt, die wurde jetzt ausgewechselt und ist komplett NEU. Der Wagen fährt wunderbar und ist Mängelfrei. Sie müssen nichts machen, einfach einsteigen und losfahren. Der Opel ist innen sehr gepflegt, außen altersentsprechend und an 3-4 Stellen blättert der Klarlack ab. Wer aber ein sehr zuverlässiges, technisch einwandfreies Auto will, ist hier genau richtig. Ausstattung TOP: Standheizung Webasto, Klimaanlage, elektrische Fensterheber, ZV mit Funk (2 Schlüssel) usw..Bei fragen können Sie sich gerne melden...KleinwagenGebrauchtfahrzeugHubraum: 1229 cm³Anzahl der Türen: 4/5 TürenAnzahl Sitzplätze: 5Schadstoffklasse: Euro4Umweltplakette: --Anzahl der Fahrzeughalter: 1HU: 8/2021Farbe: GrauFarbe (Hersteller): --Innenausstattung: --Farbe der Innenausstattung: --Airbags: Front- und Seiten-AirbagsAnhängerkupplung: --Radio: Tuner/Radio, Radio DABPannenhilfe: ReserveradAusstattungABS, Beheizbare Frontscheibe, CD-Spieler, Elektr. Fensterheber, Elektr. Seitenspiegel, Elektr. Wegfahrsperre, Isofix, Multifunktionslenkrad, Nebelscheinwerfer, Scheckheftgepflegt, Servolenkung, Standheizung, USB, ZentralverriegelungDer Preis ist Verhandlungsbasis.Privatanbieter81829 MünchenDeutschlandTel.: +49 0163 9065047Weitere Informationen bei","81829München-Trudering-Riem"
"87","1178099007","Benzin","5.900€","2013","11","2021","84036","                    In sehr gutem Zustand.Propefahrt ist möglich.Ausstattung steht in Bildern.Bei weiteren Fragen einfach anrufen.","84036Bayern-Kumhausen"
"88","1178087840","10","1.000€","151.484","2004",NA,"85640","                    Hallo Leute Verkaufe im Auftrag meiner Schwiegermama ihren Opel Corsa , bei Rückfragen bitte Sie anrufen .TEL : 0176 63704391 viel Spaß. :-)","85640Kr.München-Putzbrunn"
"89","1178072976","Kleinwagen","1.500€","130.000","2001","UnbeschädigtesFahrzeug","80339","                    Technisch in guten Zustand, einwandfrei!Bremsscheiben u. Beläge sind vorne Neu!Das Auto hat nur ein Schlüssel.","80339München-Schwanthalerhöhe"
"90","1177921749","Kleinwagen","500€","159.000","1998","UnbeschädigtesFahrzeug","82049","                    Der Wagen ist seit 2013 in meinem Besitz und wird täglich genutzt. Für Fragen und Besichtigungen stehe ich gerne telefonisch zur Verfügung.KleinwagenGebrauchtfahrzeugHubraum: 1389 cm³Anzahl der Türen: 2/3 TürenAnzahl Sitzplätze: 5Schadstoffklasse: Euro1Umweltplakette: --Anzahl der Fahrzeughalter: 2HU: 8/2019Farbe: BlauFarbe (Hersteller): --Innenausstattung: StoffFarbe der Innenausstattung: --Airbags: Front-AirbagsAnhängerkupplung: --Radio: Tuner/RadioAusstattungABS, Elektr. Fensterheber, Elektr. Wegfahrsperre, Gepäckraumabtrennung, Raucherpaket, Servolenkung, ZentralverriegelungDer Preis ist Verhandlungsbasis.Privatanbieter82049 PullachDeutschlandTel.: +49 0178 4727138Weitere Informationen bei","82049Bayern-Pullach"
"91","1177854254","Kleinwagen","2.900€","85.000","2006","UnbeschädigtesFahrzeug","Donar","                    Weitere Ausstattung:Airbag Beifahrerseite, Airbag Fahrerseite, Aktive Kopfstützen vorn, Außenspiegel elektr. verstell- und heizbar, Außenspiegel Wagenfarbe, Bremsassistent, Drehzahlmesser, Ellipsoid-Scheinwerfer 3D, Isofix-Aufnahmen für Kindersitz an Rücksitz, Karosserie: 3-türig, Kopfstützen hinten, Lenksäule (Lenkrad) höhenverstellbar, Motor 1,0 Ltr. - 44 kW 12V KAT (Z 10 XEP / LJ4), Rücksitzlehne geteilt, Rücksitzlehne klappbar, Schutzleisten Stoßfänger Wagenfarbe, Seitenairbag vorn, Sitz vorn links höhenverstellbar, Stoßfänger Wagenfarbe, Türgriffe außen Wagenfarbe, WärmeschutzverglasungSehr schöner und sparsamer kleiner Opel CorsaInspektionen alle bei einer Opel Vertragswerkstätte gemachtbei 40000 km neuer Rumpfmotorbei 75000 km neue Steuerkette ( alle beiden Reparaturen mit Rechnungen von Opel belegbar )KlimanlageServolenkungZentralverriegelung mit Funkelektrische Fensterheberelektrische AußenspiegelRadio CDEingabefehler,Änderungen,Irrtümer und Zwischenverkauf vorbehaltenKleinwagenGebrauchtfahrzeugUnfallfreiHubraum: 998 cm³Anzahl der Türen: 2/3 TürenAnzahl Sitzplätze: 5Schadstoffklasse: Euro4Umweltplakette: 4 (Grün)Anzahl der Fahrzeughalter: 2HU: 6/2021Farbe: BlauFarbe (Hersteller): AtlantisblauInnenausstattung: --Farbe der Innenausstattung: AndereAirbags: Front- und Seiten-AirbagsAnhängerkupplung: --Radio: Tuner/RadioAusstattungABS, Allwetterreifen, Elektr. Fensterheber, Elektr. Seitenspiegel, Isofix, Lederlenkrad, Servolenkung, ZentralverriegelungWeitere Informationen bei","Donarweg4,81739München-RamersdorfPerlach"
"93","1177837684","Kleinwagen","3.200€","140.000","2007","UnbeschädigtesFahrzeug","85354","                    8fach Bereifung (Sommer- und Winterreifen)Nichtraucher- und Garagenfahrzeug* Lückenlos Scheckheft gepflegt *2. Hand, sehr gepflegtSuper zuverlässiges Auto*Klimaanlage ohne Funktion* Kontakt nur per Telefon // Anrufe bitte nur von 17-21 Uhr*KleinwagenGebrauchtfahrzeugUnfallfreiHubraum: 1229 cm³Anzahl der Türen: 2/3 TürenAnzahl Sitzplätze: 5Schadstoffklasse: Euro4Umweltplakette: 4 (Grün)Anzahl der Fahrzeughalter: 2HU: 11/2020Farbe: Silber MetallicFarbe (Hersteller): --Innenausstattung: StoffFarbe der Innenausstattung: SchwarzAirbags: Front- und Seiten-AirbagsAnhängerkupplung: --Radio: Tuner/RadioAusstattungABS, Bordcomputer, CD-Spieler, ESP, Elektr. Fensterheber, Elektr. Seitenspiegel, Isofix, Multifunktionslenkrad, Nebelscheinwerfer, Nichtraucher-Fahrzeug, Scheckheftgepflegt, Servolenkung, Tempomat, Tuner/Radio, ZentralverriegelungDer Preis ist Verhandlungsbasis.Privatanbieter85354 FreisingDeutschlandTel.: +49 171 4443920Weitere Informationen bei","85354Bayern-Freising"
"94","1177828772","Kleinwagen","4.390€","46.005","2012","BeschädigtesFahrzeug","Augsb","                    Zustand siehe BilderSonderausstattung:Gepäck-/Laderaumboden höhenverstellbar, Metallic-/Mineraleffekt-Lackierung, Raucher-Paket, Reserverad in FahrbereifungWeitere Ausstattung:Airbag Beifahrerseite abschaltbar, Airbag Fahrer-/Beifahrerseite, Außenspiegel elektr. verstellbar, Außenspiegel Wagenfarbe, Bremsassistent, Bremsscheiben vorn innenbelüftet, Drehzahlmesser, Elektr. Bremskraftverteilung (EBD), Elektron. Traktionskontrolle, Gepäcknetz / Tasche an Vordersitzlehne, Geschw.-Überwachung, Griffleiste Heckklappe Wagenfarbe, Isofix-Aufnahmen für Kindersitz an Rücksitz, Karosserie: 5-türig, Lenksäule (Lenkrad) verstellbar, Modellpflege, Motor 1,2 Ltr. - 51 kW, Nebelschlussleuchte, Pollenfilter, Rücksitzlehne klappbar, Schadstoffarm nach Abgasnorm Euro 5, Seitenairbag vorn, Sitz vorn links höhenverstellbar, Sitzbezug / Polsterung: Stoff, Stahlfelgen 6x15, Stoßfänger Wagenfarbe, Verglasung getöntTippfehler, Irrtümer und Zwischenverkauf vorbehaltenKleinwagenGebrauchtfahrzeugBeschädigt, UnfallfahrzeugHubraum: 1229 cm³Anzahl der Türen: 4/5 TürenAnzahl Sitzplätze: 5Schadstoffklasse: Euro5Umweltplakette: 4 (Grün)Anzahl der Fahrzeughalter: --HU: --Farbe: Grau MetallicFarbe (Hersteller): KarbongrauInnenausstattung: StoffFarbe der Innenausstattung: SchwarzAirbags: Front- und Seiten-AirbagsAnhängerkupplung: --Radio: Tuner/RadioTagfahrlicht (Art): TagfahrlichtAusstattungABS, CD-Spieler, ESP, Elektr. Seitenspiegel, Isofix, Servolenkung, Stahlfelgen, Traktionskontrolle, Winterreifen, ZentralverriegelungWeitere Informationen bei","Augsburgerstrasse22,82291Bayern-Mammendorf"
"95","1177813856","Kleinwagen","5.490€","65.755","2014","UnbeschädigtesFahrzeug","82449","                    gebrauchter Opel Corsa, ideal als Zweitfahrzeug, mit neuem TÜV zu Verkaufen.Besichtigung jederzeit möglich, Preis ist VerhandlungsbasisKleinwagenGebrauchtfahrzeugUnfallfreiHubraum: 1229 cm³Anzahl der Türen: 4/5 TürenAnzahl Sitzplätze: 5Schadstoffklasse: Euro5Umweltplakette: --Anzahl der Fahrzeughalter: 2HU: 7/2021Farbe: GrauFarbe (Hersteller): --Innenausstattung: --Farbe der Innenausstattung: GrauAirbags: Fahrer-AirbagAnhängerkupplung: --Radio: Tuner/RadioTagfahrlicht (Art): TagfahrlichtAusstattungABS, Bordcomputer, CD-Spieler, ESP, Elektr. Fensterheber, Isofix, MP3-Schnittstelle, Multifunktionslenkrad, Nebelscheinwerfer, Nichtraucher-Fahrzeug, Servolenkung, Sommerreifen, Traktionskontrolle, Winterreifen, ZentralverriegelungDer Preis ist Verhandlungsbasis.Privatanbieter82449 Uffing/SchöffauDeutschlandTel.: +49 08846 9214428Weitere Informationen bei","82449Bayern-Uffing"
"98","1177708578","Benzin","1.000€","116.000","2000","08","82435","                    Verkaufe schönen Opel Corsa B. Guter Zustand, TÜV neu, neue Winterreifen","82435Bayern-BadBayersoien"
"99","1177621117","Kleinwagen","6.900€","42.918","2010","UnbeschädigtesFahrzeug","www.g","                    Sonderausstattung:Gepäck-/Laderaumboden höhenverstellbar, Metallic-/Mineraleffekt-Lackierung, Raucher-Paket, Reserverad in FahrbereifungWeitere Ausstattung:Airbag Beifahrerseite abschaltbar, Airbag Fahrer-/Beifahrerseite, Audiosystem CD 30 MP3 (Radio/CD-Player MP3-fähig), Außenspiegel elektr. verstellbar, Außenspiegel Wagenfarbe, Bremsassistent, Bremsscheiben vorn innenbelüftet, Drehzahlmesser, Elektron. Traktionskontrolle, Gepäcknetz / Tasche an Vordersitzlehne, Griffleiste Heckklappe Wagenfarbe, Isofix-Aufnahmen für Kindersitz an Rücksitz, Karosserie: 3-türig, Kopf-Airbag-System, Lenksäule (Lenkrad) verstellbar, Licht-Paket, Motor 1,2 Ltr. - 63 kW KAT (A 12 XER / LDC), Nebelschlussleuchte, Pollenfilter, Rücksitzlehne geteilt, Rücksitzlehne klappbar, Schadstoffarm nach Abgasnorm Euro 5, Scheinwerfer mit abgedunkelten Hintergrund, Seitenairbag vorn, Seitenscheiben hinten (dunkel getönt), Sitz vorn links höhenverstellbar, Sitzbezug / Polsterung: Stoff, Sondermodell Edition 111 Jahre, Stahlfelgen 6x15, Stoßfänger Wagenfarbe, Technik-Paket 1, Textilfussmatten, Verglasung getönt- Schaltgetriebe- Garantie gegen geringen Aufpreis möglich - Klimaanlage- Motor Getriebe funktionieren einwandfrei- Kurzzeitkennzeichen Kosten bei uns 90€- Irrtümer und Zwischenverkauf vorbehalten- Lückenlos Scheckheft Bei Opel - 1 Service Km   9643 am 13.09.2011 bei Opel - 2 Service Km 17722 am 13.09.2012 bei Opel- 3 Service Km 21133 am 17.07.2013 bei Opel- 4 Service Km 26442 am 22.07.2014 bei Opel- 5 Service Km 30138 am 22.07.2015 bie Opel- 6 Service Km 33729 am 27.07.2016 bei Opel - 7 Service Km 36735 am 12.07.2017 bei Ople - 8 Service Km 39916 am 25.07.2018 bei Opel- Gerne bieten wir Ihnen eine Finanzierung über unseren Partner Bank an. - Wir nehmen Ihren ""Alten"" Wagen zu fairen Konditionen in Zahlung- Sprechen Sie uns anDie Fahrzeugbeschreibung dient lediglich der allgemeinen Identifizierung des Fahrzeuges und stellt keine Gewährleistung im kaufrechtlichen Sinne dar. Die Angaben erheben nicht den Anspruch auf Vollständigkeit. Die gemachten Angaben und Beschreibungen sowie Bilder sind unverbindlich und dienen nicht als zugesicherte Eigenschaften. Der Verkäufer übernimmt keine Haftung bzw. Gewährleistung für Schreib- oder Datenübermittlungsfehler. Ausstattungen sind ggf. gesondert zu prüfen. Änderungen und Zwischenverkauf vorbehalten.KleinwagenGebrauchtfahrzeugHubraum: 1229 cm³Anzahl der Türen: 2/3 TürenAnzahl Sitzplätze: 5Schadstoffklasse: Euro5Umweltplakette: 4 (Grün)Anzahl der Fahrzeughalter: --HU: NeuFarbe: Silber MetallicFarbe (Hersteller): Starsilber III M2Innenausstattung: StoffFarbe der Innenausstattung: GrauAirbags: Front-, Seiten- und weitere AirbagsAnhängerkupplung: --AusstattungABS, Bordcomputer, CD-Spieler, ESP, Elektr. Seitenspiegel, Garantie, Isofix, Lederlenkrad, Multifunktionslenkrad, Nichtraucher-Fahrzeug, Scheckheftgepflegt, Servolenkung, Sommerreifen, Stahlfelgen, Traktionskontrolle, ZentralverriegelungWeitere Informationen bei","www.gashi-automobile.de,81243München-Aubing"
"100","1177552294","Benzin","3.999€","97.000","2011","2021","85276","                    Opel corsa DBj 28.12.20111,2 Benzin97.000kmKlimaanlageSOMMERREIFEN UND WINTERREIFEN3 Auto zu HauseSehr sparsamMehr Info an Tel.","85276Bayern-Pfaffenhofena.d.Ilm"
"101","1177537193","Kleinwagen","2.650€","37.800","2004","4(Grün)","83550","                    Zum Verkauf steht ein Opel Corsa C aus dem Jahr 2004. Der Wagen ist seit 2008 im Besitz einer Rentnerin (Originalrechnung vom Opel-Fachhändler ist vorhanden) und wurde zwar wenig, aber dennoch regelmäßig bewegt.Trotz der wenigen, jährlich gefahrenen Kilometer wurde der Opel regelmäßig in der Werkstatt gewartet (dies ist anhand von diversen Rechnungen belegbar). Folglich ist die Technik des Corsas in beinahe neuwertigem Zustand. Es bestehen keine Defekte und kein Wartungsstau.Das Auto verfügt über eine für die damalige Zeit sehr umfangreiche Ausstattung (u.a. mit Klimaanlage, Schiebedach und Parkhilfen).Leider ist der Wagen optisch nicht ganz einwandfrei. Wie auf den letzten Bildern zu sehen ist, sind sowohl auf der linken als auch auf der rechten Seite Kratzer und Dellen vorhanden.Die letzte TÜV-Plakette hat der Wagen ohne Beanstandungen erhalten. Die HU ist gültig bis April 2020Bei weiteren Fragen können Sie mich gerne kontaktieren. Bitte sehen Sie von ""letzten Preis""-Anfragen ab.F. NiedermaierKleinwagenGebrauchtfahrzeugHubraum: 1389 cm³Getriebe: HalbautomatikAnzahl der Türen: 4/5 TürenAnzahl Sitzplätze: 5Schadstoffklasse: Euro4Umweltplakette: 4 (Grün)Anzahl der Fahrzeughalter: 2HU: --Farbe: --Farbe (Hersteller): --Innenausstattung: --Farbe der Innenausstattung: --Airbags: Front- und Seiten-AirbagsAnhängerkupplung: --Radio: Tuner/RadioAusstattungABS, Elektr. Fensterheber, Elektr. Seitenspiegel, Elektr. Wegfahrsperre, Isofix, Leichtmetallfelgen, Nebelscheinwerfer, Nichtraucher-Fahrzeug, Schiebedach, Servolenkung, Tuner/Radio, ZentralverriegelungDer Preis ist Verhandlungsbasis.Privatanbieter83550 EmmeringDeutschlandTel.: +49 151 62600995Weitere Informationen bei","83550Bayern-Emmeringa.d.Inn"
"102","1177384767","Kleinwagen","6.950€","138.000","2009","UnbeschädigtesFahrzeug","Opals","                    Opel Corsa OPC 1.6 Turbo 141kW aus 2.Hand.Optisch sowie technisch in einem guten Zustand.Alle Serviceintervalle wurden regelmäßig durchgeführt.Eine 12-monatige Motor-/Getriebe Garantie ist bei Verkauf abschließbar.Antrieb, Fahrwerk- Ausstattung OPC- Motor 1,6 Ltr. - 141 kW 16V Turbo KAT (Z 16 LER / LDW)Komfort, Innenausstattung- Sportsitze Recaro- Lenkrad (Sport/Leder) OPC-Line- Klimaanlage- Lichtsensor / Regensensor- Nebelscheinwerfer- Geschwindigkeitsregelanlage (Tempomat)- Dachspoiler OPC Performance- Heckleuchten dunkel getönt ab Werk- Pedale Aluminium- 8-fache Bereifung (Alufelgen)Multimedia / Bordcomputer- Audiosystem CD 30 MP3 (Radio/CD-Player MP3-fähig)Fahrerassistenz- Fahrassistenz-System: Berganfahr-Assistent (HSA, Hill Start Assist)- Bremsassistent- Elektr. Bremskraftverteilung (EBD)Editionen und Pakete- Ausstattung OPC- Licht-Paket- Sicht-Paket- Sommer-Paket- Technik-Paket 1Weitere Ausstattung- Außenspiegel elektr. verstell- und heizbar- Scheckheft liegt vorAuto Center Niederbayern – Familienbetrieb seit 1998Autokauf ist Vertrauenssache.Aus diesem Grund ist es uns sehr wichtig, Ihnen ein gutes Gefühl bei einer wichtigen Entscheidung zu geben.Vor allem beim Gebrauchtwagenkauf ist ein verlässlicher Partner an Ihrer Seite besonders wichtig.Wir sind nicht nur vor, sondern auch nach dem Kauf stets für Sie da.Unsere Geschichte interessiert Sie? Mehr dazu unter:https://autocenter-niederbayern.de/teamKostenloser Bonitätscheck in 2 min:https://finanzierung.consorsfinanz.de/bonitaetscheck/entry/dps?vendorid=2567055&creditChannel=QKleinwagenGebrauchtfahrzeugHubraum: 1598 cm³Anzahl der Türen: 2/3 TürenAnzahl Sitzplätze: 5Schadstoffklasse: Euro4Umweltplakette: 4 (Grün)Anzahl der Fahrzeughalter: 2HU: 2/2021Farbe: Schwarz MetallicFarbe (Hersteller): Saphirschwarz Mi2Innenausstattung: AndereFarbe der Innenausstattung: SchwarzAirbags: Front-, Seiten- und weitere AirbagsAnhängerkupplung: --Radio: Tuner/RadioAusstattungABS, Bordcomputer, CD-Spieler, ESP, Elektr. Fensterheber, Elektr. Seitenspiegel, Isofix, Lederlenkrad, Leichtmetallfelgen, Lichtsensor, Multifunktionslenkrad, Nebelscheinwerfer, Nichtraucher-Fahrzeug, Regensensor, Scheckheftgepflegt, Servolenkung, Sportfahrwerk, Sportpaket, Sportsitze, ZentralverriegelungWeitere Informationen bei","Opalstr.9,84032Bayern-Altdorf"
"103","1177362945","Kleinwagen","855€","154.500","2003","UnbeschädigtesFahrzeug","82205","                    Der Opel Corsa wurde gerne als Anfängerauto gefahren. Dementsprechend hat er einige Lackkratzer am vorderen und hinteren Kotflügel/Stoßfänger. Auf der Fahrerseite wurde eine Gaspedalverlegung verbaut, welche auch im Fahrzeugbrief eingetragen wurde. Diese ist aber reversibel und beeinträchtigt nicht die normale Nutzung des PKW.Dem Alter entsprechende Abnutzungsspuren im Innenraum.Das Auto benötigt einige Reparaturen und ist deshalb nur eingeschränkt fahrtauglich. Kraftstoffanzeige nicht mehr vollständig funktionstüchtig, nur Winterreifen vorhanden.Es wird als *Bastlerfarzeug* verkauft.Da Privatverkauf keine Garantie und Gewährleistung.","82205Bayern-Gilching"
"104","1177323533","Kleinwagen","1.999€","70.000","2006","UnbeschädigtesFahrzeug","81245","                    Das Fahrzeug wurde fast Ausschließlich in der Stadt gefahren.Vor ca. 3 Jahren hatte es einen Blechschaden, dieser wurde in einer Fachwerkstatt sachgerecht repariert. Aktuell hat das Fahrzeug einen Hagelschaden (man sieht die Dullen auf dem Dach [letztes bild] und ansonsten ein paar kleinere SchrammenDieses tut aber dem Gesamtbild des Fahrzeugs keinen schaden, wenn man genau hinsieht sieht man die Dullen/Schrammen, welche bei einem Fahranfänger in der Regel noch dazukommen werden. Das Fahrzeug ist im Unterhalt sehr günstig.Das Fahrzeug ist angemeldet und vollkommen Verkehrstüchtig.Verkauf wegen Neuanschaffung.","81245München-Pasing-Obermenzing"
"106","1177240087","Kleinwagen","7.490€","37.500","2013","UnbeschädigtesFahrzeug","84034","                    Halloverkaufe meinen Opel Corsa Color Edition. Ist scheckheftgepflegt und würde regelmäßig bei der Vertragswerkstatt beim Kundendienst gecheckt. Ist in einem guten Zustand und ist immer ein zuverlässiges Auto.8-Fach bereift inkl. Sommerreifen mit schwarzen Opel Alufelgen in einem guten Zustand.Fahrzeug hat als Sonderausstattung ein Sportfahrwerk und Sportsitze verbaut.Probefahrt ist jederzeit nach Absprache möglich.Bei Fragen stehe ich gerne per Mail oder telefonisch zur Verfügung.Mit freundlichen GrüßenKleinwagenGebrauchtfahrzeugUnfallfreiHubraum: 1398 cm³Anzahl der Türen: 2/3 TürenAnzahl Sitzplätze: 5Schadstoffklasse: Euro5Umweltplakette: 4 (Grün)Anzahl der Fahrzeughalter: 2HU: 9/2020Farbe: Schwarz MetallicFarbe (Hersteller): --Innenausstattung: StoffFarbe der Innenausstattung: SchwarzAirbags: --Anhängerkupplung: --Radio: Tuner/RadioTagfahrlicht (Art): TagfahrlichtAusstattungABS, CD-Spieler, E10-geeignet, ESP, Elektr. Fensterheber, Elektr. Wegfahrsperre, Garantie, Isofix, Leichtmetallfelgen, MP3-Schnittstelle, Multifunktionslenkrad, Nebelscheinwerfer, Nichtraucher-Fahrzeug, Partikelfilter, Scheckheftgepflegt, Servolenkung, Sportfahrwerk, Sportpaket, Sportsitze, Tagfahrlicht, Traktionskontrolle, Tuner/Radio, ZentralverriegelungDer Preis ist Verhandlungsbasis.Privatanbieter84034 LandshutDeutschlandTel.: +49 0151 56840085Weitere Informationen bei","84034Bayern-Landshut"
"107","1177201545","Kleinwagen","1.990€","160.000","2004","UnbeschädigtesFahrzeug","Münch","                    Das Fahrzeug ist in einem gutem Zustand aus 1. HandTüv und Au bis 07.2021. Euro 4 KatStandheizung, Klimaanlage, Multifunktionslenkrad, NebelscheinwerferSportversion mit Sportsitze und Alufelgen. 8 fach bereift.Sonderausstattung:Audiobedienung am Lenkrad, Audiosystem CDR 2005 (Radio/CD-Player), Außenspiegel elektr. verstell- und heizbar, Metallic-/Mineraleffekt-LackierungWeitere Ausstattung:Airbag Beifahrerseite, Airbag Fahrerseite, Aktive Kopfstützen vorn, Bremsassistent, Drehzahlmesser, Ellipsoid-Scheinwerfer 3D, Heckspoiler, Innenausstattung: Aluminium-Dekor, Isofix-Aufnahmen für Kindersitz an Rücksitz, Karosserie: 3-türig, Kopfstützen hinten, Lenkrad (Sport/Leder), Lenksäule (Lenkrad) höhenverstellbar, Motor 1,2 Ltr. - 55 kW 16V KAT (Z 12 XE / LW4), Rücksitz geteilt / klappbar, Seitenairbag vorn, Sitz vorn links höhenverstellbar, Sportsitze vorn, Stahlfelgen 6x15, Stoßfänger Wagenfarbe, WärmeschutzverglasungTelefon oder Whatsapp: 017628004929Finanzierung auch ohne Anzahlung möglichGerne nehmen wir Ihren Gebrauchten in ZahlungDieses Angebot ist unverbindlich und freibleibend. Zwischenverkauf und Irrtümer sind vorbehalten.Öffnungszeiten:Montag - Freitag: von 09.00 bis 18.00 UhrSamstag: von 10.00 bis 18.00 UhrKleinwagenGebrauchtfahrzeugHubraum: 1199 cm³Anzahl der Türen: 2/3 TürenAnzahl Sitzplätze: 5Schadstoffklasse: Euro4Umweltplakette: 4 (Grün)Anzahl der Fahrzeughalter: 1HU: 7/2021Farbe: Silber MetallicFarbe (Hersteller): Lichtsilber M2Innenausstattung: --Farbe der Innenausstattung: --Airbags: Front-, Seiten- und weitere AirbagsAnhängerkupplung: --Radio: Tuner/RadioPannenhilfe: ReserveradAusstattungABS, Alarmanlage, Bordcomputer, CD-Spieler, Elektr. Fensterheber, Elektr. Seitenspiegel, Elektr. Wegfahrsperre, Isofix, Isofix Beifahrersitz, Lederlenkrad, Leichtmetallfelgen, Multifunktionslenkrad, Nebelscheinwerfer, Notbremsassistent, Scheckheftgepflegt, Servolenkung, Sommerreifen, Soundsystem, Sportsitze, Stahlfelgen, Standheizung, Winterreifen, ZentralverriegelungWeitere Informationen bei","MünchenerStraße35,85247Bayern-Schwabhausen"
"108","1177200255","Kleinwagen","3.490€","87.000","2009","UnbeschädigtesFahrzeug","Franz","                    Sonderausstattung:Audiosystem CD 30 MP3 (Radio/CD-Player MP3-fähig), Innovations-Paket 4, Reserverad in FahrbereifungWeitere Ausstattung:Airbag Beifahrerseite abschaltbar, Airbag Fahrer-/Beifahrerseite, Außenspiegel elektr. verstellbar, Bremsassistent, Bremsscheiben vorn innenbelüftet, Drehzahlmesser, Gepäcknetz / Tasche an Vordersitzlehne, Geschw.-Überwachung, Griffleiste Heckklappe Wagenfarbe, Isofix-Aufnahmen für Kindersitz an Rücksitz, Karosserie: 5-türig, Lenksäule (Lenkrad) verstellbar, Motor 1,2 Ltr. - 59 kW 16V KAT (Z 12 XEP / LB4), Nebelschlussleuchte, Pollenfilter, Rücksitzlehne klappbar, Seitenairbag vorn, Sitz vorn links höhenverstellbar, Sitzbezug / Polsterung: Stoff, Stoßfänger Wagenfarbe, Verglasung getöntKleinwagenGebrauchtfahrzeugUnfallfreiHubraum: 1229 cm³Anzahl der Türen: 4/5 TürenAnzahl Sitzplätze: 5Schadstoffklasse: Euro4Umweltplakette: 4 (Grün)Anzahl der Fahrzeughalter: 2HU: 4/2020Farbe: BlauFarbe (Hersteller): Royalblau H: U2/F:AtlantikblauInnenausstattung: --Farbe der Innenausstattung: --Airbags: Front- und Seiten-AirbagsAnhängerkupplung: --AusstattungABS, CD-Spieler, ESP, Elektr. Seitenspiegel, Isofix, Servolenkung, ZentralverriegelungWeitere Informationen bei","Franz-Hagn-Str8,82140Bayern-Olching"
"110","1177066790","Limousine","1.250€","160.000","2004","UnbeschädigtesFahrzeug","Baube","                    LimousineGebrauchtfahrzeugUnfallfreiHubraum: 1248 cm³Anzahl der Türen: 4/5 TürenAnzahl Sitzplätze: 5Schadstoffklasse: Euro4Umweltplakette: 4 (Grün)Anzahl der Fahrzeughalter: --HU: 3/2020Farbe: Silber MetallicFarbe (Hersteller): --Innenausstattung: StoffFarbe der Innenausstattung: SchwarzAirbags: Front- und Seiten-AirbagsAnhängerkupplung: --Radio: Tuner/RadioPannenhilfe: ReserveradAusstattungABS, Elektr. Fensterheber, Elektr. Seitenspiegel, Elektr. Wegfahrsperre, Lederlenkrad, Servolenkung, Stahlfelgen, ZentralverriegelungWeitere Informationen bei","BaubergerStr.25,80992München-Moosach"
"111","1176957300","Kleinwagen","9.999€","57.500","2011","UnbeschädigtesFahrzeug","Rober","                    Innenausstattung:Servolenkung, Klimaautomatik, 5 SitzplätzeAußenausstattung:3 Türen, Zentralverriegelung, AluminiumfelgenTechnologie:TempomatSicherheit & Umwelt:ABS, ESP- Berg-Anfahr-Assistent HSA (Hill Start Assist), inkl. -  Reifendruckverlust-Überwachungssystem DDS (Deflation  Detection System)- Bordcomputer- Elektronisches Stabilitätsprogramm (ESP-Plus)- Fahrwerk: OPC spezifisches Sportfahrwerk mit  tiefergelegter Karosserie- Funktions-Ausstattung - Gepäckraumboden, 2fach  höheneinstellbar - Sitzhöheneinstellung, Beifahrer- Getriebe: 6-Gang-Schaltgetriebe- Lackierung: Zweischicht-Perleffekt Sonderfarben- Leichtmetallräder BiColor 7,5 J x 18 im 5-Y-Speichen-OPCDesign- geschmiedet, glanzlackiert in Karbongrau,  Speichenrand und Horn glanzveredelt, mit Reifen 225/35  ZR18- Lenkrad: OPC Sport-Lederlenkrad mit OPC spezifischer  Leder-Schaltknauf- Nebelscheinwerfer- OPC Dachspoiler- OPC Design OPC Auspuffanlage mit Endrohr im OPCDesign  OPC Bremssättel, karbongrau lackiert OPC  Instrumente mit spezifischer Grafik und Mattchromringen  OPC Schriftzug auf Heckklappe OPC Seitenschweller- Paket: Elektro-Paket - Fensterheber, elektrisch, vorn -  Zentralverriegelung mit Funkfernbedienung - 2  Zündschlüssel, davon einer klappbar- Paket: Licht bestehend aus: Beleuchtetes Handschuhfach,  hinterleuchtete Schalter und Anzeigen- Paket: Sicht - Regensensor - Innenspiegel automatisch  abblendbar mit Konsolenbeleuchtung - Automatisches  Abblendlicht mit Tunnelerkennung- Paket: Sommer - Klimatisierungsautomatik - Solar Reflect  Windschutzscheibe - Heiz- und Belüftungssystem im  Fußraum, hinten- Paket: Technik - Geschwindigkeitsregler - Bordcomputer- Panorama Schiebedach, elektrisch betätigt - Leseleuchten,  vorn- Polster: Kombination Stoff/Ledernachbildung Morrocana- Servolenkung - geschwindigkeitsabhängig- Sitze: Vordersitze mit Easy-Entry Einstiegshilfe- Sitze: OPC-Recaro Sportsitze Fahrer und Beifahrer, inkl.  Sitzhöheneinstellung- Solar Protect-Wärmeschutzverglasung im Fond, stark getönt- Tagfahrlicht- Wärmeschutzverglasung, getönt- Fahrzeug Tiefergelgt mit FedernKleinwagenGebrauchtfahrzeugUnfallfreiHubraum: 1598 cm³Anzahl der Türen: 2/3 TürenAnzahl Sitzplätze: 5Schadstoffklasse: Euro5Umweltplakette: 4 (Grün)Anzahl der Fahrzeughalter: 4HU: NeuFarbe: Blau MetallicFarbe (Hersteller): ArdenblauInnenausstattung: TeillederFarbe der Innenausstattung: SchwarzAirbags: Front-, Seiten- und weitere AirbagsAnhängerkupplung: --Radio: Tuner/RadioAusstattungABS, Berganfahrassistent, Bordcomputer, CD-Spieler, E10-geeignet, ESP, Elektr. Fensterheber, Elektr. Seitenspiegel, Elektr. Wegfahrsperre, Garantie, Innenspiegel autom. abblendend, Isofix, Lederlenkrad, Leichtmetallfelgen, Multifunktionslenkrad, Nebelscheinwerfer, Nichtraucher-Fahrzeug, Scheckheftgepflegt, Servolenkung, Sommerreifen, Sportfahrwerk, Sportpaket, Touchscreen, Traktionskontrolle, ZentralverriegelungWeitere Informationen bei","Robert-Bosch-Strasse3,85221Kr.Dachau-Dachau"
"113","1176928601","Kleinwagen","1.650€","130.000","2001","UnbeschädigtesFahrzeug","80339","                    Technisch in guten Zustand, einwandfrei!Bremsscheiben u. Beläge sind vorne Neu!Das Auto hat nur ein Schlüssel.","80339München-Schwanthalerhöhe"
